Time,x,y,z,yaw,yaw_rate,vx,vy,vz,velocity
0.08231186866760254,-3.1283407377002836,0.9584756378249591,0.08295194897068117,0.05857184395077263,-0.002363001536405138,0.01758852383666465,-0.011736942557383223,-0.016197539392981408,0.021145022850501582
0.09930562973022461,-3.1283407377002836,0.9584756378249591,0.08295194897068117,0.05857184395077263,0.00021930093143728694,-0.009546064440835167,-0.004219129459048787,0.0011978425715014618,0.010436876913176227
0.10114622116088867,-3.128343044350237,0.9584096458574118,0.08293040047173798,0.05893766542988978,-0.0013684184993935206,0.001463079146457602,-0.010757769612601553,-0.01473868233139719,0.010856804669266758
0.11791443824768066,-3.128418520800829,0.958433141607048,0.0828021117035331,0.058863627180731695,-7.617859892432268e-05,-0.007547645059213792,0.002349574963611545,-0.012828876820487889,0.007904900280807125
0.1278376579284668,-3.1283621171644604,0.9583918783242662,0.08290453271198117,0.05832252268812448,-0.0005396723019587372,0.005640363636860712,-0.004126328278175606,0.0102421008448067,0.00698858261847796
0.13847994804382324,-3.1284724558839967,0.9585323556565652,0.08298834857256206,0.06058900851442053,0.0010907694496757017,-0.008724251239566883,0.0030115635754612846,-0.0051634182797022365,0.009229413570760032
0.14024090766906738,-3.1284724558839967,0.9585323556565652,0.08298834857256206,0.06058900851442053,0.0011852821961811375,-0.002309620714058269,0.01103616965444365,0.013545004337790767,0.011275255583997638
0.1577613353729248,-3.1283432742379893,0.9584131690185238,0.08290108697667017,0.05863231859330053,-0.0019712320751535703,0.012918164600739246,-0.011918663804144636,-0.008726159589188265,0.017576504872357873
0.16792917251586914,-3.1284289915263956,0.9584118262939297,0.08278804351203749,0.05893400818389934,0.0003012899073331881,-0.008571728840633952,-0.0001342724594066702,-0.011304346463268666,0.008572780436399325
0.17802715301513672,-3.1282116527524813,0.9584012348403417,0.08286516476982835,0.05811837703104294,-0.0008188712108113833,0.02173387739143884,-0.001059145358806024,0.0077121257790857545,0.02175966946801299
0.18776822090148926,-3.1284474604070605,0.9584231101205715,0.08283685671558773,0.059131317418658354,0.0010136131246385514,-0.023580765457920094,0.002187528022978835,-0.0028308054240616665,0.023682013817088173
0.19812583923339844,-3.128488131122563,0.9585137724735219,0.08308825065623852,0.06021017038483076,0.0010848879448026574,-0.0040670715502511,0.009066235295041025,0.02513939406507959,0.009936684226637653
0.2079756259918213,-3.1280689247633746,0.9584486725811329,0.08286657343549673,0.05812822498871909,-0.002119076113245312,0.0419206359188351,-0.006509989238900893,-0.02216772207417894,0.04242310308935608
0.21793746948242188,-3.1268938394654087,0.9584571917283806,0.0830176276132672,0.05744293390297764,-0.0006929278027209045,0.11750852979659498,0.0008519147247754155,0.01510541777704627,0.11751161786672644
0.22857666015625,-3.125380872514516,0.9584207865737557,0.08332049458130451,0.05493546847031771,-0.0025180500737320287,0.1512966950892647,-0.0036405154624885583,0.030286696803731583,0.15134048796593247
0.24285888671875,-3.120426831483813,0.9588754448522582,0.0831434777710903,0.05641778650065958,0.0026948005756978898,0.21101404723458117,0.028694198754963818,0.02406616080784796,0.2129560639486639
0.24553918838500977,-3.120426831483813,0.9588754448522582,0.0831434777710903,0.05641778650065958,-0.0010786425832067837,0.28439005583571486,0.016771629095280183,-0.04176784182926968,0.2848841719028115
0.2578442096710205,-3.116954686774457,0.9584857972292193,0.08343905041092702,0.051817910346702696,-0.004681688952201024,0.3472144709355973,-0.03896476230388357,0.029557263983671922,0.34939396321127947
0.26848506927490234,-3.1089029873265224,0.9587060923014034,0.08317391431401304,0.0475551246234333,-0.006557118323430636,0.4058553168663881,1.78253268701134e-05,-0.0691796169033615,0.4058553172578358
0.27086639404296875,-3.1089029873265224,0.9587060923014034,0.08317391431401304,0.0475551246234333,0.002144945052062376,0.39931462792708317,0.022011681891531687,0.0426660072119639,0.3999208499393834
0.2884180545806885,-3.0992650012192025,0.958475408060402,0.08333225698746974,0.04534669191217069,-0.002024701758724561,0.4534678125035718,-0.01254486912417585,-0.005294891149783265,0.4536413018212928
0.29095935821533203,-3.0992650012192025,0.958475408060402,0.08333225698746974,0.04534669191217069,-0.00020679245314252195,0.51033079822842,-0.010523554975960803,0.02112915849545316,0.5104392900529782
0.2983119487762451,-3.09392418514454,0.9585187438244257,0.08389269944587469,0.05028284256626911,0.005106482346259425,0.5340816074662413,0.0043335764023710865,0.05604424584049472,0.5340991886514709
0.31861019134521484,-3.081168987667848,0.9581190582051878,0.08331199057909909,0.03822464451093531,-0.009488354277971428,0.6060373257960272,-0.024684616496595257,-0.031033484242713738,0.606539834264481
0.3208014965057373,-3.081168987667848,0.9581190582051878,0.08331199057909909,0.03822464451093531,-0.0029368543718973367,0.669482421873191,-0.015283945427191359,-0.02703740243484576,0.6696568615231345
0.3379242420196533,-3.0746035270848395,0.9579857704929868,0.08374496272402196,0.03985207376547413,0.001687804853465188,0.6565460583008331,-0.013328771220100233,0.043297214492286906,0.6566813403871004
0.34847497940063477,-3.0590773261154527,0.9579109169901148,0.08355299241079223,0.03778477456594277,-0.0006531365066229602,0.7601913213923339,-0.00011075443533403728,-0.02437981670712769,0.7601913294603982
0.35091328620910645,-3.0590773261154527,0.9579109169901148,0.08355299241079223,0.03778477456594277,-0.0013674905015955577,0.7924287755463499,-0.007374595851872279,0.0051827853841543425,0.7924630899782437
0.36785054206848145,-3.050571705286452,0.9576137076088928,0.08343300127004345,0.03397075799568964,-0.0038909351135396042,0.8505620829000637,-0.02972093812220189,-0.01199911407487736,0.8510811894467876
0.3780539035797119,-3.0416382200374725,0.957680926098462,0.08364412239364244,0.034752787001931205,0.0008520679533717422,0.8933485248979522,0.0067218489569254025,0.021112112359898683,0.8933738132443478
0.3878452777862549,-3.032024473891049,0.9578816412017978,0.08372454949110723,0.03548122046607562,0.0007833037207862076,0.961374614642363,0.020071510333574683,0.008042709746479415,0.9615841175923314
0.3988487720489502,-3.0110704541148072,0.9573740261707356,0.08368289046607308,0.03097148271591623,-0.002588390887704919,1.009274381702907,-0.006042988986731945,-0.01532639001253222,1.0092924726151875
0.4013814926147461,-3.0110704541148072,0.9573740261707356,0.08368289046607308,0.03097148271591623,-0.0020359447851474224,1.0861275959212602,-0.04471851411947947,0.011160487509116745,1.0870477910960263
0.41832494735717773,-2.9890527113268828,0.9574845313338514,0.08334859167728378,0.028569872640156327,0.0002275829841173122,1.0557334450391753,0.022759368292690763,-0.021437279079569715,1.0559787383367942
0.42052507400512695,-2.9890527113268828,0.9574845313338514,0.08334859167728378,0.028569872640156327,-0.002596390022261777,1.1460408337532701,-0.011708851981118151,-0.011992599799359738,1.1461006455999432
0.4385721683502197,-2.9651430026849317,0.9574467841593579,0.08331200436939289,0.025364358696758658,-0.001873179793075412,1.1573152391733288,-0.0004070746905004974,-0.0031298082255548643,1.1573153107656629
0.44074583053588867,-2.9651430026849317,0.9574467841593579,0.08331200436939289,0.025364358696758658,-0.001343646802958476,1.233655625021779,-0.0033676427588447133,-0.0005289225635349282,1.2336602215219663
0.4584357738494873,-2.9401821495944263,0.9574638677075465,0.08345846486412428,0.021736645239584258,-0.0001853995771394038,1.2193342744568625,-0.014395135172229345,0.03316140881248347,1.2194192440591833
0.460662841796875,-2.9401821495944263,0.9574638677075465,0.08345846486412428,0.021736645239584258,-0.003442256128375907,1.2767510345936817,0.01610348999109279,-0.018515359339343895,1.276852586137464
0.47082972526550293,-2.926939415386426,0.9579161300735629,0.0833460458304848,0.02383264854958169,0.0021458015399766057,1.324273420800015,0.045226236601636494,-0.011241903363948258,1.325045472998765
0.4878199100494385,-2.9134099365121116,0.9573094733758214,0.08312798939678132,0.019352913778866755,-0.004514289584190252,1.3529478874314549,-0.06066566977415144,-0.021805643370348404,1.3543073172638413
0.49837279319763184,-2.885098924938641,0.9573179934374899,0.08276053520293425,0.015820098089332185,-0.004103799863863661,1.4328599148968557,0.01133709600734667,-0.025766693861008216,1.4329047649666409
0.5009522438049316,-2.885098924938641,0.9573179934374899,0.08276053520293425,0.015820098089332185,0.0005084479596204912,1.3982412424502044,-0.010485089840495121,-0.01097872552369844,1.3982805545374843
0.5189108848571777,-2.8554886486440187,0.9575708814543831,0.08273072579339509,0.015354585106074278,-0.00046361636093713844,1.4691005243178346,0.0266550098074414,0.022650600041038138,1.46934231549315
0.5212175846099854,-2.8554886486440187,0.9575708814543831,0.08273072579339509,0.015354585106074278,-2.335046825052455e-06,1.491927105144386,-0.0013662081181253782,-0.02563154099495396,1.4919277306857495
0.537959098815918,-2.8408370221966273,0.9573658869837033,0.08285719524883282,0.011860788932441082,-0.003492543124584365,1.4651626447391486,-0.020499447067978682,0.012646945543773325,1.4653060440976517
0.5485751628875732,-2.8095956219651823,0.9567730371319806,0.08262930732767106,0.009435644107652488,-0.0006750437581123994,1.538435763822088,-0.018908213655133288,-0.01790907304653616,1.5385519555577185
0.550940752029419,-2.8095956219651823,0.9567730371319806,0.08262930732767106,0.009435644107652488,-0.0017582943035642624,1.5857042593224069,-0.04037677151713659,-0.004879719069640631,1.5862182326878511
0.5678176879882812,-2.793750974727721,0.9564529640621756,0.08241118674037554,0.005707313824618117,-0.0037309880936767653,1.5844647237461373,-0.03200730698049714,-0.021812058729551997,1.5847879758807066
0.5781736373901367,-2.777473092694391,0.9563397838159042,0.08248530996318064,0.005506456148455034,-0.00019387423460604606,1.6277882033330027,-0.011318024627138268,0.007412322280510308,1.627827550016139
0.5881435871124268,-2.744529422260868,0.9561631236492678,0.08246838408317131,0.004462576661039004,-0.0026234465322033593,1.5832176903719741,-0.04023495600325999,0.0019427724446907657,1.5837288615136595
0.5901422500610352,-2.744529422260868,0.9561631236492678,0.08246838408317131,0.004462576661039004,0.0015751467300016593,1.7111493529803123,0.02256893933961779,-0.003635360445623792,1.7112981812728771
0.6078085899353027,-2.727831647308753,0.9563649894755475,0.0824202775005895,0.005120049884150322,0.0006480865364684716,1.6697774952115108,0.02018658262796791,-0.004810658258180833,1.66989951243571
0.6181714534759521,-2.693688361693806,0.9560736207910449,0.08237627257154938,0.004241388139956184,0.004032604444993673,1.6433543931450245,-0.002118944070850226,0.0311173155593647,1.6433557592295793
0.6201257705688477,-2.693688361693806,0.9560736207910449,0.08237627257154938,0.004241388139956184,-0.004936174824228974,1.7709741683496816,-0.027017924379413305,-0.03551780846337699,1.7711802486476689
0.6387319564819336,-2.65825834249883,0.9553631254234807,0.08218388429507432,0.001179065818790723,-0.0017819388870214644,1.7432729544936798,-0.05682879191853951,-0.02007018724319576,1.744198986773024
0.640977144241333,-2.65825834249883,0.9553631254234807,0.08218388429507432,0.001179065818790723,-0.0012563931404960308,1.7997289650038883,-0.014220744837878385,0.0008313595956904729,1.7997851474711395
0.6578130722045898,-2.640246508673078,0.9552359680063207,0.08214023133837575,0.002137216892094668,0.0009790374177505998,1.8011833825752,-0.01271574171599621,-0.004365295669857272,1.8012282664205632
0.6676397323608398,-2.6216821379447963,0.954700973724649,0.08202999286690535,0.0004666005227175985,-0.0016528324049189622,1.8564370728281876,-0.05349942816716968,-0.0110238471470403,1.8572077951013193
0.6788811683654785,-2.5845285622527965,0.9536441336360387,0.08150145475687592,-0.003956271972621004,-0.002772331657014234,1.8509785584666094,-0.0591277422795522,-0.03237242130958162,1.8519227072991478
0.6811807155609131,-2.5845285622527965,0.9536441336360387,0.08150145475687592,-0.003956271972621004,-0.0016658544103769577,1.8643790107333746,-0.04655626658147671,-0.020481389693360885,1.8649602091254285
0.6986274719238281,-2.546219797820173,0.953243095809185,0.08142492924085895,-0.00394630772408496,0.0019599718843288138,1.9399799667745299,-0.019744226990237035,-0.04874252893356246,1.9400804380195034
0.7013933658599854,-2.546219797820173,0.953243095809185,0.08142492924085895,-0.00394630772408496,-0.001968781789078812,1.8908964764878355,-0.020359555695137477,0.041089977331865146,1.891006080450884
0.7182145118713379,-2.5071431580579033,0.9521412237905466,0.08165762738510494,-0.006242213019439162,-0.0019991766513564727,1.9405107720005699,-0.06391684272500919,0.029441187838655236,1.9415631380499017
0.7203960418701172,-2.5071431580579033,0.9521412237905466,0.08165762738510494,-0.006242213019439162,-0.0003093289040563203,1.9671532042263795,-0.046270359138833594,-0.006171373414055881,1.9676973026949416
0.737844705581665,-2.4864663724871043,0.9506629261371112,0.08210852410319797,-0.013031279896049026,-0.006653230250540838,2.0676785570798994,-0.14782976534353232,0.04508967180930218,2.0729564044932394
0.7477045059204102,-2.4664627669967563,0.950200500077063,0.08196411613852456,-0.013495710101313335,-0.0004660451474124807,2.0003605490348075,-0.04624260600482044,-0.014440796467340977,2.0008949759407546
0.7585690021514893,-2.425967963233229,0.9489181670012664,0.08185966369691118,-0.017248111063636887,-0.000598973900384324,2.016543699863549,-0.037356532507681894,0.011391137108116012,2.0168896856249643
0.7606053352355957,-2.425967963233229,0.9489181670012664,0.08185966369691118,-0.017248111063636887,-0.0031467148527880152,2.032936676489161,-0.09087677507197967,-0.021836381269453586,2.034966859401469
0.778113603591919,-2.405394806040927,0.9479810658991908,0.08190408292256027,-0.02031593466804309,-0.0030536586128695332,2.0573157192302016,-0.0937101102075566,0.0044419225649086624,2.0594488469847447
0.7878079414367676,-2.384627043416505,0.9474268780724958,0.0812166567787094,-0.018856732989152337,0.0014351332049458527,2.0767762624422037,-0.05541878266950295,-0.06874261438508666,2.077515556070755
0.7981796264648438,-2.3425682868137825,0.9462242596579725,0.08175711828396924,-0.02351835660525217,-0.0028316462796117233,2.1130237918715267,-0.0625543625769609,0.03694107680146802,2.1139495247740743
0.8004336357116699,-2.3425682868137825,0.9462242596579725,0.08175711828396924,-0.02351835660525217,-0.0017778142412341184,2.092851868400736,-0.05770747887536842,0.017105073724515973,2.0936473189595715
0.8177895545959473,-2.321242928030809,0.9452571434913865,0.0817075378854629,-0.024283554396968294,-0.0007813072803997577,2.132535878297359,-0.09671161665860684,-0.0049580398506346435,2.1347277130871305
0.8276338577270508,-2.299531470150615,0.9443279576501372,0.08159168093908244,-0.026519152650126963,-0.00223814834812272,2.171145788019402,-0.0929185841249236,-0.011585694638045763,2.173133197967895
0.8377673625946045,-2.277643174106391,0.9438105488078653,0.0816887228708909,-0.026100988115045885,0.00038909671766625424,2.188829604422393,-0.051740884227191586,0.009704193180846976,2.189441060247227
0.8476316928863525,-2.2557854912021473,0.942708659670654,0.08177359918097347,-0.028302326587438236,-0.0021973246768554134,2.1857682904243614,-0.11018891372113204,0.008487631008256835,2.1885439488691287
0.8578100204467773,-2.233580173155468,0.941587240888468,0.08177112279638779,-0.029925549026745445,-0.0016199928767238923,2.2205318046679245,-0.11214187821859678,-0.00024763845856839994,2.223361710651729
0.8678460121154785,-2.2117159974926595,0.94064973100859,0.08190220645699131,-0.030955235642771792,-0.0010274838025478548,2.1864175662808627,-0.09375098798780623,0.013108366060352039,2.188426608751187
0.8778624534606934,-2.189408169882485,0.9394387366921582,0.08197846607385809,-0.033452726512131804,-0.0024969659111398652,2.2307827610174247,-0.12109943164317905,0.007625961686677507,2.2340673219929665
0.8881704807281494,-2.14409848271796,0.9371964119027714,0.08191431043014251,-0.0364224927594556,-0.0022446048568305842,2.247765235459731,-0.12158273252307339,-0.002533674669721875,2.251051068854085
0.8904521465301514,-2.14409848271796,0.9371964119027714,0.08191431043014251,-0.0364224927594556,-0.0007250910358978126,2.2832034809928015,-0.1026497464156062,-0.003881889701835839,2.2855098131613514
0.9077465534210205,-2.120503741410289,0.9361451736481183,0.08193651759364123,-0.03593486618904166,0.0004881131471900758,2.359474130767092,-0.10512382546530308,0.002220716349872476,2.3618148090905824
0.9181911945343018,-2.0749772706668987,0.9338475033339184,0.08241684596123239,-0.04193648687807147,-0.0013032345464205602,2.3107848246662677,-0.11834744825003352,0.019336557884733208,2.313813437685763
0.9202289581298828,-2.0749772706668987,0.9338475033339184,0.08241684596123239,-0.04193648687807147,-0.004708228803744685,2.2418622496727547,-0.11141958316995826,0.028696278874382197,2.244629294565486
0.937690258026123,-2.051592634806925,0.9326349436212289,0.08265385462421455,-0.04338996825952255,-0.0014532821376534084,2.3384635859973635,-0.12125597126895205,0.023700866298216605,2.341605208741223
0.9477181434631348,-2.028033116949668,0.9312964991464507,0.08279342118604363,-0.0459422935975692,-0.002565723408337222,2.3559517857257184,-0.13384444747781554,0.0139566561829077,2.3597506547906377
0.9578332901000977,-2.0039075246757263,0.929724801128446,0.08243433393750856,-0.0448447514793452,0.0011220500371663738,2.412559227394162,-0.1571698018004719,-0.035908724853507545,2.417673338621807
0.9676520824432373,-1.9799853551378381,0.9283141859154798,0.08228506624180998,-0.04690218321736197,-0.0020477465780752695,2.392216953788817,-0.14106152129662597,-0.014926769569857667,2.3963723222373368
0.9777524471282959,-1.9558461029936505,0.926742384878476,0.08221421162761158,-0.049976263992112524,-0.0030797662829192478,2.413925214418766,-0.15718010370037172,-0.007085461419839567,2.4190371071577106
0.9877045154571533,-1.932212320830968,0.9251905556177943,0.08259709893931744,-0.054035131607277444,-0.004058896035010726,2.3633782162682415,-0.15518292606817585,0.0382887311705854,2.3684675074136727
0.9983954429626465,-1.882882869051893,0.9221406425881838,0.08276998435937709,-0.05520081175460109,-0.0026626783915451855,2.431282521880318,-0.1510430831651366,0.02968322440392579,2.435969768731285
1.0006322860717773,-1.882882869051893,0.9221406425881838,0.08276998435937709,-0.05520081175460109,0.0014861584447656553,2.5016626560271815,-0.15394821979590745,-0.012394682397960655,2.506395040479314
1.0177953243255615,-1.858107122852476,0.9206055056363599,0.08270582994712986,-0.05612139762718235,-0.0009157915029523537,2.4775746199417137,-0.15351369518239455,-0.006415441224723317,2.4823260164587326
1.0280826091766357,-1.833481893495955,0.9188273095604308,0.08298889991462499,-0.05924917377363752,-0.0031250133096094616,2.4625229356521006,-0.1778196075929106,0.028306996749513647,2.468934794897819
1.0379297733306885,-1.8084311361590437,0.9169115470476514,0.08297405580620494,-0.0602804979597973,-0.001009545591948405,2.50507573369112,-0.1915762512779362,-0.0014844108420050683,2.5123904735494063
1.048227071762085,-1.759240390262953,0.913749352725791,0.08260079235209933,-0.06297090986719737,0.00015140905576793343,2.3791609604654207,-0.11003854344960873,-0.042282890253320105,2.3817042966848874
1.0504820346832275,-1.759240390262953,0.913749352725791,0.08260079235209933,-0.06297090986719737,-0.0029199999676652296,2.539913629143653,-0.20618088873642915,0.004956544842758814,2.5482683929268175
1.0677251815795898,-1.733851174372545,0.9116960054460888,0.08234037029452164,-0.06488501691849893,-0.0019060199777708277,2.538921589040788,-0.20533472797023,-0.026042205757768888,2.5472112566114355
1.0781302452087402,-1.708373275553208,0.9099118831093046,0.08248099972252051,-0.06568493292295813,-0.0007915735088439048,2.5477898819337153,-0.17841223367841552,0.014062942799887568,2.5540290146374485
1.0877525806427002,-1.68232887034104,0.907792270508266,0.08225749963790319,-0.06748475992074603,-0.0018309859714790596,2.6044405212168,-0.21196126010385452,-0.02235000846173285,2.6130514737258523
1.0985114574432373,-1.6304328138349444,0.9035736391922341,0.08224489015261781,-0.06914459089779029,0.00019043395875418132,2.599603808695239,-0.20767952500492237,-0.002818804574082623,2.607886260420316
1.100792646408081,-1.6304328138349444,0.9035736391922341,0.08224489015261781,-0.06914459089779029,-0.0018180869917578414,2.5900018419143134,-0.21418360659827274,0.0015578560455448143,2.5988428498958878
1.1177783012390137,-1.6042332460083704,0.9015144605372628,0.0819897261391238,-0.0698563930593614,-0.0007250315050052932,2.6199567826574066,-0.20591786549712943,-0.025516401349401363,2.6280364743137494
1.1276402473449707,-1.5781345396160853,0.899268315233508,0.08208563461529698,-0.07118795860453417,-0.0013498299260538992,2.6098706392285065,-0.22461453037547763,0.009590847617318987,2.619518360455374
1.137669324874878,-1.5519057824469427,0.8969661868000157,0.08174314075616432,-0.07286998145306671,-0.0016901876568498509,2.6228757169142636,-0.2302128433492312,-0.034249385913266706,2.632959357761044
1.1477665901184082,-1.5254512019973645,0.8946431853099746,0.08186121338565178,-0.074402899336846,-0.0015181696340082751,2.645458044957816,-0.23230014900411655,0.0118072629487459,2.65563770625049
1.1578874588012695,-1.4988009630644241,0.8922387935590316,0.08178174479388736,-0.07572923680689832,-0.0013247771529912257,2.6650238932940384,-0.24043917509429802,-0.007946859176441445,2.675848155024523
1.1677520275115967,-1.4721593096233723,0.8897302104031491,0.0819122013221637,-0.07763530343868522,-0.001900782111612109,2.664165344105185,-0.2508583155882427,0.013045652827634036,2.675949714630465
1.1779398918151855,-1.4452209341332671,0.8873828998438658,0.0818763525221651,-0.07899027678334392,-0.0013322477166807822,2.6938375490105138,-0.23473105592833887,-0.0035848799998600134,2.704045008700152
1.187847375869751,-1.4182973615451697,0.8849522774066919,0.08191654484413796,-0.07998476990605623,-0.0009668083592151635,2.692357258809741,-0.2430622437173846,0.004019232197285949,2.703306653597855
1.1984679698944092,-1.3641857682650445,0.8795676271747721,0.08171903488795289,-0.083222894793987,8.100577560418378e-05,2.7022912944304034,-0.2499884352898052,0.0026539805963704532,2.713829850549402
1.2005317211151123,-1.3641857682650445,0.8795676271747721,0.08171903488795289,-0.083222894793987,-0.003367767949512437,2.7088680335821236,-0.28847658790217556,-0.02240497621487786,2.724185156176203
1.2177834510803223,-1.3368119644376955,0.8770339590234338,0.08187510488565757,-0.08397189505467184,-0.0007581488806713202,2.7373803827348997,-0.2533668151338264,0.015606999770467755,2.749080956027473
1.2684552669525146,-1.1985274902970575,0.8634030189685845,0.0822064977873102,-0.08962523400533676,-0.0007616504383240133,2.7352084051766257,-0.24526710596572965,0.010502712261459268,2.7461829824353776
1.2706151008605957,-1.1985274902970575,0.8634030189685845,0.0822064977873102,-0.08962523400533676,-0.0017886342717450818,2.7771791971322957,-0.29186871947319837,0.0027046026944865798,2.7924741077387463
1.277794361114502,-1.1705635058360722,0.8603839321210284,0.08218969520870498,-0.09150299224345214,-0.0018843710994850855,2.796398446098536,-0.30190868475561405,-0.001680257860522949,2.81264877353593
1.2876954078674316,-1.1424098526343665,0.8574263558109517,0.08225218001929731,-0.09254038401616316,-0.0010298173250254442,2.815365320170571,-0.29575763100766483,0.006248481059233091,2.8308575489272516
1.297806978225708,-1.1143058251828006,0.8545918658789972,0.08243978729734522,-0.09451312756651563,-0.0019610217494273586,2.8104027451565816,-0.28344899319545647,0.018760727804791044,2.824660496719414
1.3077094554901123,-1.0858275943730478,0.8516091033954836,0.08258117040176602,-0.09444002955009104,5.1480713147324365e-05,2.847823080975287,-0.298276248351359,0.014138310442080027,2.8634009535631115
1.318375825881958,-1.0289076951209704,0.8456549077419026,0.08277199149925007,-0.095428019870034,-0.0024132861197894793,2.8312783181490886,-0.3182995594792293,0.00026905226792189874,2.849114164856474
1.3203513622283936,-1.0289076951209704,0.8456549077419026,0.08277199149925007,-0.095428019870034,0.0014079428044224888,2.8607116070586525,-0.27712000587887253,0.01881305748048373,2.8741027115290096
1.337622880935669,-1.0002421980535536,0.8422772175237594,0.08251654487440072,-0.09729294639172055,-0.00184571247788844,2.8665497067416723,-0.3377690218143159,-0.02554466248493592,2.886380975082494
1.3588550090789795,-0.9136996071326697,0.8322263284237558,0.08220347791721518,-0.10190028694850964,-0.0022300099041565693,2.854425808597705,-0.3322035499563558,-0.01632765381913981,2.8736920321064794
1.3610265254974365,-0.9136996071326697,0.8322263284237558,0.08220347791721518,-0.10190028694850964,-0.0011141469105091161,2.9042373089109397,-0.3383714570706742,-0.02781311208565479,2.9238826223756638
1.3626863956451416,-0.9136996071326697,0.8322263284237558,0.08220347791721518,-0.10190028694850964,-0.0012840584648927478,2.8955959745797455,-0.3345139029733324,0.01283407018624061,2.914854301553489
1.3778703212738037,-0.8847541339335433,0.8288681655868522,0.08222789044214865,-0.10466008649622226,-0.002741100613581489,2.8945473199126437,-0.33581628369036,0.0024412524933473123,2.913962381981805
1.3876311779022217,-0.8554457170971709,0.8253081099358134,0.08259310207654845,-0.10684656549250748,-0.0021697159200506732,2.930841683637242,-0.3560055651038785,0.036521163439980076,2.9523842800236073
1.3978221416473389,-0.8261683848777323,0.8219174002691529,0.08251938665291166,-0.10805799928893013,-0.001206343384531703,2.9277332219438623,-0.3390709666660441,-0.007371542363679429,2.947302315560729
1.4097285270690918,-0.7673728609997152,0.8147948474626903,0.08223621873365322,-0.11167436208753889,-0.0017115215857934245,2.9371828584240034,-0.35294293378271835,-0.01623452438375972,2.958312332788232
1.4118897914886475,-0.7673728609997152,0.8147948474626903,0.08223621873365322,-0.11167436208753889,-0.0019141356597732761,2.9423695293776975,-0.3593123468635495,-0.012082267542083691,2.964227354643858
1.4279170036315918,-0.7379542036007446,0.811261651090442,0.08210556597383978,-0.1139720118841759,-0.0022969770680605784,2.941865739897065,-0.35331963722482485,-0.013065275981344326,2.9630067157582998
1.4436748027801514,-0.7082094001610595,0.8076180077952105,0.08209834779251347,-0.11604665123694487,-0.002051595834687665,2.974480343968511,-0.364364329523148,-0.0007218181326304474,2.9967139805600205
1.4478397369384766,-0.6784106678452689,0.8040144513907983,0.08206489482458977,-0.11700989838126594,-0.0009636774738724306,2.9798732315790555,-0.36035564044122337,-0.003345296792370278,3.001583026317814
1.4578611850738525,-0.6485427940562701,0.8002548478854324,0.08195884010907484,-0.1190808860964694,-0.0020738964610499257,2.98678737889988,-0.37596035053658605,-0.010605471551493328,3.010356296508971
1.4678397178649902,-0.6185428986284598,0.7964542201306115,0.08196166400136486,-0.12093854110133394,-0.001853310185133742,2.999989542781034,-0.3800627754820929,0.000282389229001867,3.023968414203877
1.478071928024292,-0.5885554657717924,0.7925910055266034,0.08183903868290984,-0.1227803171424849,-0.0018556754480851605,2.9987432856667384,-0.38632146040080695,-0.012262531845501357,3.0235253536389535
1.4877915382385254,-0.5584877453509977,0.7886774676904005,0.08182138810941178,-0.12521543610401478,-0.0024350286365342217,3.0067720420794752,-0.39135378362029627,-0.0017650573498062538,3.0321338850691766
1.4984638690948486,-0.4978659178412968,0.7805532743188127,0.08175840208794,-0.12878612922687746,-0.0017546635523866471,3.0250480879818964,-0.39852171177453544,-0.006730851609045019,3.051185915239947
1.500652551651001,-0.4978659178412968,0.7805532743188127,0.08175840208794,-0.12878612922687746,-0.0018058038362748303,3.037134662988189,-0.4138976253842408,0.0004322494618666517,3.065207693684572
1.5184385776519775,-0.4369031248887455,0.7723651172473622,0.08196299671315536,-0.1307048858835598,-0.0011267483126390962,3.0411947901747727,-0.4046285713757536,0.021342462263559958,3.0679944642322554
1.52067232131958,-0.4369031248887455,0.7723651172473622,0.08196299671315536,-0.1307048858835598,-0.0007851201751461756,3.055084505080358,-0.414187135769295,-0.0008829997420231606,3.0830329736509254
1.5386521816253662,-0.37578916070263296,0.7633667073006278,0.0821619706435153,-0.13658381301533612,-0.0015502963669081487,3.0607351077061917,-0.4259721879251166,0.0005626449882140117,3.0902348947015246
1.5406954288482666,-0.37578916070263296,0.7633667073006278,0.0821619706435153,-0.13658381301533612,-0.004294600871914016,3.0506613109050615,-0.4738688067483232,0.019334748047779293,3.0872457109634257
1.5682730674743652,-0.31394490716683027,0.7548233596266305,0.08162744669395694,-0.13678355300827527,0.0013365437501886464,3.089752252115435,-0.40263427581141986,-0.0537452474371411,3.1158760147847007
1.5705316066741943,-0.31394490716683027,0.7548233596266305,0.08162744669395694,-0.13678355300827527,-0.0015678921004330629,3.094673101464834,-0.4517004915883138,0.00029285248130533903,3.127464618349998
1.5784962177276611,-0.25185993737172024,0.7458196357893571,0.08155236140650611,-0.13858690844170796,-0.00121891991758914,3.092319569086804,-0.44924929072506226,0.003953602438669379,3.1247824312380805
1.5804295539855957,-0.25185993737172024,0.7458196357893571,0.08155236140650611,-0.13858690844170796,-0.0005900730982736816,3.116177410424198,-0.4511230930022814,-0.011462131183752333,3.148662207712667
1.5979821681976318,-0.22082827392045284,0.741218648228622,0.08169670894267499,-0.14041896542413237,-0.0018172168021399415,3.10316634512674,-0.4600987560735015,0.014434753616887619,3.1370897709290424
1.6078145503997803,-0.18985981212765005,0.7362222694024713,0.08189445236011383,-0.14403263893375018,-0.003601507213548793,3.0968461792802797,-0.49963788261507824,0.01977434174388476,3.1368924546223997
1.6187210083007812,-0.12731137914669877,0.7269256543679584,0.08159792239544111,-0.14601081100738772,5.972395942783553e-05,3.1349238399580868,-0.45178449460622216,-0.026831204788121954,3.167310643417244
1.6211497783660889,-0.12731137914669877,0.7269256543679584,0.08159792239544111,-0.14601081100738772,-0.0020514405032329352,3.119919458137041,-0.47787700884506235,-0.0028217916791500874,3.1563054131127477
1.6379327774047852,-0.0957195806817676,0.7221657633089654,0.08175613140157967,-0.1459660103254862,4.320773889164736e-05,3.159179846493117,-0.4759891058992993,0.015820900613855438,3.194836917813347
1.6483924388885498,-0.03266347649446664,0.7122537817975398,0.08179480218817575,-0.14828686633220842,-0.0014143023308452723,3.1500326361485005,-0.5011263248702491,0.011970385854950805,3.1896446827630553
1.6507065296173096,-0.03266347649446664,0.7122537817975398,0.08179480218817575,-0.14828686633220842,-0.0008869499548805025,3.1555777825815956,-0.49007182627230916,-0.008103307195342357,3.193405946137831
1.6678221225738525,-0.0010369758002493428,0.7070667505707084,0.0818642125888243,-0.15003647073417897,-0.0017618555453044274,3.16265006942173,-0.5187031226831396,0.006941040064854798,3.204903803719312
1.678725242614746,0.06238275729168216,0.6967363529919419,0.081483438162418,-0.15411154529965085,-0.001486100012239683,3.1744794284598523,-0.5114116163024707,-0.03595334697740343,3.215410002317573
1.6813337802886963,0.06238275729168216,0.6967363529919419,0.081483438162418,-0.15411154529965085,-0.002586397688742783,3.1674938807332977,-0.5216281415741819,-0.0021240956632265218,3.2101578469858802
1.6980810165405273,0.0940824123200101,0.6913591806194663,0.08177887811341265,-0.15708621168428485,-0.002941849038955154,3.1699655028327944,-0.5377172372475592,0.02954399509946526,3.2152482200264285
1.7078869342803955,0.12611303182088643,0.6860422646790612,0.08172684753933614,-0.15890022837027257,-0.0018050926483214218,3.2030619500876325,-0.5316915940405176,-0.005203057407651701,3.246891098770104
1.7192585468292236,0.1582168090524289,0.6809266270360946,0.08165580566268406,-0.15784175369582196,0.0010364169210664927,3.210377723154248,-0.511563764296652,-0.007104187665207817,3.250880282364519
1.7279715538024902,0.19020487762237856,0.6756009411703691,0.08157372065030022,-0.15887599132490413,-0.0010424441057010677,3.198806856994965,-0.5325685865725571,-0.008208501238383958,3.242837431596271
1.7380239963531494,0.22225420642944618,0.6695907322626147,0.08180334825936625,-0.16374185282544518,-0.004830447993295452,3.204932880706762,-0.6010208907754389,0.022962760906602986,3.260800650297998
1.7480154037475586,0.25436112000725286,0.6643058369086663,0.08128924367544631,-0.16402077426007988,-0.00033154393459861693,3.210691357780668,-0.5284895353948382,-0.05141045839199415,3.253896154450741
1.757967233657837,0.2865966001653536,0.6585650441827938,0.0813742166815192,-0.16698181779118773,-0.0029283586134103015,3.2235480158100738,-0.5740792725872468,0.008497300607289426,3.274267677122224
1.7686741352081299,0.3515508989344677,0.6473651611867295,0.08108833034214233,-0.168674565559884,-9.038576593864668e-05,3.2485634854505063,-0.5396813756218144,-0.027209061289126812,3.293086805141249
1.7712256908416748,0.3515508989344677,0.6473651611867295,0.08108833034214233,-0.168674565559884,-0.00161926799318412,3.246866391460906,-0.5803069239846192,-0.0013795726485604787,3.2983173725435906
1.788663625717163,0.4162489483573598,0.6353232051809085,0.08101935287720015,-0.17562881648606543,-0.003900901370274435,3.227793434100107,-0.6071170184085539,0.004177038484459716,3.2843936315948876
1.7909014225006104,0.4162489483573598,0.6353232051809085,0.08101935287720015,-0.17562881648606543,-0.0030133722068915545,3.242011508189102,-0.5970785821735491,-0.011074784978677699,3.2965347643428475
1.8079602718353271,0.44900518698482905,0.6296031825067472,0.08064059973107858,-0.1748490639488101,0.0006637332670629244,3.2756238627469236,-0.5720022674161274,-0.037875314612156874,3.3251914657845294
1.8188071250915527,0.5143162383261833,0.617548944245781,0.08054401678446099,-0.18008586851353348,-0.004017630010164903,3.243418851748048,-0.6080267525842564,-0.013987912845808692,3.299918541378375
1.821258306503296,0.5143162383261833,0.617548944245781,0.08054401678446099,-0.18008586851353348,-0.0011628987189362993,3.287686282387381,-0.5973970735123624,0.0043296181840499215,3.341521263562345
1.8381023406982422,0.5473332913307434,0.6118582950795267,0.0803977932919322,-0.17831341220436175,0.0017041608897725878,3.3017053004560037,-0.569064916625428,-0.01462234925287964,3.350386958306932
1.851975440979004,0.6128899875713418,0.5988612095079631,0.08015606043851292,-0.18564835267377874,-0.0037105097894250113,3.279322219940961,-0.6589629804427677,0.0010086900758904394,3.344874651133063
1.857464075088501,0.6128899875713418,0.5988612095079631,0.08015606043851292,-0.18564835267377874,-0.0035836515204752195,3.2763474041188845,-0.6407455767135972,-0.02518197541781786,3.3384138758629964
1.8680148124694824,0.6459557779759386,0.5925197529640054,0.08005035430453919,-0.18736734082556297,-0.0017249213121455554,3.3065790404596784,-0.634145654395768,-0.010570613397373196,3.366839120272349
1.8783752918243408,0.6791881377383298,0.5864856825853209,0.07970333037449133,-0.18701266796660082,0.0003091076575980034,3.323235976239114,-0.6034070378684531,-0.034702393004786,3.3775727093756425
1.8881199359893799,0.7120837565210819,0.5796639172488466,0.08008209774525563,-0.19271468526189603,-0.005639175478187231,3.2895618782752156,-0.6821765336474273,0.037876737076429634,3.3595508887440273
1.8981742858886719,0.7453520728325861,0.5733021969856414,0.07998780615362748,-0.192837379926813,-0.00013687369444967222,3.3268316311504176,-0.636172026320514,-0.00942915916281456,3.387111387169855
1.9082300662994385,0.7785835610172436,0.5665854031156674,0.08026157654836988,-0.1956426715541036,-0.0027835720818415277,3.3231488184657487,-0.6716793869974036,0.027377039474239806,3.390349726589797
1.918856143951416,0.8447921330637285,0.5524552067257134,0.08031597553574767,-0.20335787151981846,-0.00035646793340203065,3.318246046254414,-0.6766068484585497,-0.02767151798585693,3.3865253063965226
1.9212777614593506,0.8447921330637285,0.5524552067257134,0.08031597553574767,-0.20335787151981846,-0.00739731480459228,3.3026111583940754,-0.7364127905368556,0.03311141672363571,3.383717520954628
1.939121961593628,0.9118017316062085,0.538938586159692,0.08045053146377544,-0.2037661247426578,0.0007376995220464221,3.350646091831899,-0.6694170209513906,-0.024518595660859288,3.416862359043427
1.9415569305419922,0.9118017316062085,0.538938586159692,0.08045053146377544,-0.2037661247426578,-0.0011784200188521186,3.3503137624161017,-0.6822450356507415,0.037974188463636704,3.419073060831666
1.958064079284668,0.9451367817735803,0.5318807555145698,0.08060109345670496,-0.2054133527359544,-0.0016449927220372799,3.3335050167371816,-0.7057830645122221,0.015056199292952377,3.407401565821707
1.9680917263031006,0.9786105760083305,0.524649366679735,0.08087174467725529,-0.20902349582075286,-0.003610120224031848,3.3473794234750165,-0.7231388834834762,0.027065122055032476,3.4245990786528084
1.978362798690796,1.0119908213360698,0.5172719246880586,0.08088500256108369,-0.21161077777460982,-0.0025922850963620396,3.338024532773931,-0.7377441991676448,0.0013257883828401984,3.418577816110982
1.9879939556121826,1.0454706686513768,0.5101536862896326,0.08069273631421833,-0.2103618246047124,0.0012324104312074972,3.3479847315307065,-0.7118238398425958,-0.019226624686535798,3.4228197354711796
1.998060941696167,1.0792977369754055,0.5027032957252991,0.08081736673000432,-0.21425567012252392,-0.0039036653672035126,3.382706832402871,-0.7450390564333498,0.012463041578598955,3.4637824281551173
2.0090982913970947,1.1463588274360446,0.4874250189644406,0.08144976214627637,-0.21711749061848798,-0.0038513929759768856,3.3214338005791877,-0.784511248973041,0.045416376152476734,3.4128258659643254
2.011190176010132,1.1463588274360446,0.4874250189644406,0.08144976214627637,-0.21711749061848798,0.000980633183183822,3.384675245484714,-0.7433164271128112,0.01782316547472851,3.4653348796635464
2.0281131267547607,1.1803101885422576,0.4798531296091107,0.08111183850266032,-0.21853348985865562,-0.0014271767334263653,3.3951361106212996,-0.757188935532993,-0.03379236436160532,3.478546290296898
2.0390753746032715,1.2480019114110144,0.46388043585848593,0.08134137232700424,-0.22425156346080705,-0.002517596497491035,3.342228337737807,-0.8198311394763624,0.01698692048792555,3.441309831856576
2.0414092540740967,1.2480019114110144,0.46388043585848593,0.08134137232700424,-0.22425156346080705,-0.0031876255290271428,3.426943949137873,-0.7774382355861142,0.005966461946466106,3.5140226295065218
2.058896541595459,1.3158654715640807,0.4485780927550464,0.08166250709249355,-0.22410325682241006,-6.356843234831108e-05,3.394806981972165,-0.7648054563147155,-0.001916256566325547,3.4798910659467084
2.060927629470825,1.3158654715640807,0.4485780927550464,0.08166250709249355,-0.22410325682241006,0.0002160587817384022,3.3915490333344733,-0.7654288540292375,0.0340297331152567,3.4768500364687163
2.0799667835235596,1.3834748962375218,0.43193992722868346,0.0815973985712046,-0.22994186881407153,-0.005351257823197228,3.361389184786545,-0.8503213543723853,0.01912011275413822,3.467273230840287
2.0821425914764404,1.3834748962375218,0.43193992722868346,0.0815973985712046,-0.22994186881407153,-0.0004938867119569118,3.399553282557566,-0.8134951982639083,-0.02563096488303329,3.4955309980811724
2.0977885723114014,1.4176596044163892,0.4237745430561779,0.08163935004144651,-0.23238298716265587,-0.0024552508545434217,3.418470817886732,-0.8165384172505563,0.004195147024191326,3.5146376370245087
2.107726573944092,1.4517941246530766,0.4157894741415998,0.08139615745201799,-0.23256537506394082,-0.00019355954553799926,3.4134520236687393,-0.798506891457812,-0.024319258942852306,3.505605222154062
2.1183202266693115,1.5200513477406197,0.3990842014578872,0.08159953986032956,-0.23742656321043623,-0.003166713963625289,3.4187634493918484,-0.8400465126325973,0.02503846253476688,3.5204575933085516
2.120225191116333,1.5200513477406197,0.3990842014578872,0.08159953986032956,-0.23742656321043623,-0.0016655540696477028,3.4069588593624633,-0.8304807557386606,-0.0047002217036101746,3.5067174045024836
2.137558698654175,1.554335470875689,0.3907740123832375,0.08153872428422067,-0.24041585226925988,-0.002984891170324967,3.4284123135069233,-0.8310189074649699,-0.006081557610888855,3.5276909467766826
2.1483941078186035,1.6229523022617158,0.3733842598305467,0.08103184449453422,-0.24508671565823248,-0.0012798090768037442,3.441184171444478,-0.8679299412908514,-0.020174430076776162,3.548950673761071
2.1501376628875732,1.6229523022617158,0.3733842598305467,0.08103184449453422,-0.24508671565823248,-0.003444624793697932,3.420498967158214,-0.8710453139782304,-0.030513548891868136,3.5296647324262747
2.1676716804504395,1.6571681842323691,0.36462769823753444,0.08084150207733316,-0.24810536040883915,-0.0030529388608965024,3.4215881970653284,-0.8756561593012246,-0.01903424172010615,3.5318606285666108
2.178192138671875,1.7262521240514668,0.34709646201469807,0.08092502598676417,-0.25331376208382755,-0.001313181460589529,3.450921960173403,-0.8615507159971947,-0.005846181649904469,3.5568429838049247
2.1804893016815186,1.7262521240514668,0.34709646201469807,0.08092502598676417,-0.25331376208382755,-0.0038091193936636873,3.457472021736363,-0.8915729062864419,0.014198572593004943,3.570576287984026
2.198141574859619,1.7608814006493285,0.3384474202565725,0.08088352296472734,-0.2529012015972751,0.0003991524978378718,3.4629276597861747,-0.8649041758125586,-0.0041503022036828985,3.5693034628972296
2.2012581825256348,1.7952870958434297,0.329403179735033,0.08076098129065504,-0.25469070611638406,-0.0018600240251525116,3.4405695194101193,-0.904424052153946,-0.012254167407230177,3.5574571654495775
2.2184805870056152,1.8292808926607498,0.31982347816863815,0.08064770883554649,-0.2595921888826306,-0.004923987833175935,3.3993796817320066,-0.9579701566394871,-0.011327245510854567,3.5317827002215583
2.2288994789123535,1.8983113872154065,0.3015360671545014,0.08078455251560265,-0.26564052874708044,-0.003120457754312313,3.4309419287987364,-0.9040314538479255,0.010294192640841748,3.548046700416384
2.230905771255493,1.8983113872154065,0.3015360671545014,0.08078455251560265,-0.26564052874708044,-0.0028875501352118764,3.4721075266669343,-0.9247096475657524,0.003390175364774428,3.593134927752972
2.2475028038024902,1.8983113872154065,0.3015360671545014,0.08078455251560265,-0.26564052874708044,-0.0014931938791645216,3.4641251387304006,-0.9316945143943378,0.00629273226060989,3.5872298009657
2.250044822692871,1.9674303999720022,0.28235541214856635,0.08081078178551404,-0.2719141174726633,-0.004763228389196861,3.4477761369291704,-0.9863709861991643,-0.003669805269471138,3.5860964868215337
2.2674953937530518,1.9674303999720022,0.28235541214856635,0.08081078178551404,-0.2719141174726633,-0.001573974070769149,3.466661832112705,-0.9521548386136114,-0.032328225497747776,3.5950442410243477
2.27795672416687,2.0020970182931292,0.27283386376243024,0.08048749953053656,-0.27347664276948597,-0.005395891268546662,3.451971460239145,-0.9733837237014487,-0.018461193661038766,3.586583727709765
2.279994010925293,2.0717960617160407,0.2533485184897656,0.08046735470814043,-0.2788994790409817,-2.992681375163824e-05,3.5179328820519995,-0.9751508035650169,0.016446711421425064,3.6505850013821326
2.297772169113159,2.0717960617160407,0.2533485184897656,0.08046735470814043,-0.2788994790409817,0.00022264813496157475,3.504401316136052,-0.9406794720398848,0.03964136063664414,3.6284578616339656
2.3074872493743896,2.106840074877401,0.24394172376936674,0.08086376831450687,-0.2786750267337703,-0.0029522299832117865,3.4962494765506946,-0.9867231415386535,0.02289590472536046,3.632820248832705
2.3177504539489746,2.141802569642908,0.2340744923539802,0.08109272736176047,-0.28165939514856336,-0.00017777004114609594,3.4713748671717504,-1.0116395938173206,0.015857128269149146,3.6157790496946243
2.3194804191589355,2.2118240614823685,0.21404188802264007,0.08119739831293488,-0.28298403143148537,-0.0012257446560461306,3.5307743167742878,-0.9916208393166925,-0.0053900331517087174,3.6673804227213846
2.3379366397857666,2.2465023484106035,0.20400914470708675,0.08134889335554511,-0.28657729896256423,-0.003596121915362832,3.4678286928234936,-1.0032743315553316,0.015149504261023627,3.610040889952314
2.348724126815796,2.3163680586890765,0.18320579560719952,0.08138602853281862,-0.2890594817545282,-0.0029771806092758276,3.475308409599309,-1.0662184771203786,-0.0030468942247036113,3.6351878057102605
2.3517327308654785,2.3163680586890765,0.18320579560719952,0.08138602853281862,-0.2890594817545282,0.0005206185791621174,3.51126261824799,-1.014116432868345,0.0067604119520545125,3.654777327515227
2.3680896759033203,2.351343693184681,0.17264949321722448,0.08121809963647025,-0.2916048113177198,-0.002546128960465797,3.49756344956047,-1.0556302389975043,-0.016792889634836827,3.6533964040584572
2.3781485557556152,2.3862904580570294,0.16202529588672968,0.08130905673741107,-0.2941929244896284,-0.002588122738259115,3.494676487234827,-1.06241973304948,0.009095710094081388,3.6526017356953764
2.3879690170288086,2.4211639543553645,0.1515635675407452,0.08139468686792425,-0.29564419843803885,-0.0014495536905582886,3.4873496298335027,-1.0461728345984467,0.00856301305131868,3.6408906932990472
2.397942543029785,2.4561186131989454,0.14084147566508423,0.0816740173133173,-0.2986830909184757,-0.0030337270452722312,3.4954658843580955,-1.0722091875660977,0.027933044539305008,3.6562158430011316
2.4078006744384766,2.4913084830817755,0.13016743854305507,0.08188545887900535,-0.29949421391362646,-0.0008070772612103056,3.5189869882830127,-1.0674037122029163,0.021144156568804473,3.6773115327001755
2.4179723262786865,2.5266181094728797,0.11936601019580848,0.08189110594793529,-0.2995859652216196,-9.434854787886958e-05,3.530962639110413,-1.0801428347246596,0.00056470689299426,3.692479614324309
2.427903890609741,2.5616721377938263,0.10834317029279027,0.0814541681193446,-0.3011964996166456,-0.001619676345424876,3.5054028320946617,-1.102283990301821,-0.04369378285906944,3.674626376998481
2.438633918762207,2.6320093396035555,0.08623277719678603,0.08124993899969543,-0.3051516414194604,-0.0023664129927760996,3.5077219361999923,-1.1087027179404851,-0.007549710913440366,3.6787681224109847
2.4410550594329834,2.6320093396035555,0.08623277719678603,0.08124993899969543,-0.3051516414194604,-0.0015939167889391758,3.525998244772932,-1.1023365916599386,-0.012873201051476213,3.6942941928674613
2.458850383758545,2.702554130795238,0.06375816425582322,0.08109413747499335,-0.3067992036238636,-0.0007037733061154994,3.520897344818552,-1.1244797574039191,-0.004108709715902603,3.6961023846156515
2.461317300796509,2.702554130795238,0.06375816425582322,0.08109413747499335,-0.3067992036238636,-0.0009356934671052018,3.533581774349681,-1.1229815366923621,-0.011471442754305838,3.7077334974035256
2.478644847869873,2.772866212537093,0.04109828094000652,0.08078321916404525,-0.30804569817789473,-0.000466147174629887,3.516590400780384,-1.1314716741350137,-0.01646975220475494,3.694135378709155
2.4812049865722656,2.772866212537093,0.04109828094000652,0.08078321916404525,-0.30804569817789473,-0.0008279035306704451,3.5146177734051154,-1.134516657446656,-0.014622078890054457,3.69319186330186
2.498821258544922,2.843327743116491,0.01774090301279181,0.08045782017573665,-0.31419772527256984,-0.0027760326088794945,3.5348909711957255,-1.1657126384314678,-0.024554549232026768,3.722141874464206
2.5013539791107178,2.843327743116491,0.01774090301279181,0.08045782017573665,-0.31419772527256984,-0.0033306583778393265,3.5112620867440825,-1.1700251542900029,-0.007985349598833846,3.701070156519294
2.5186197757720947,2.9140291328876273,-0.0054892408666950806,0.08027437383216005,-0.3176716770598039,-0.0016001144182969287,3.5418955538278674,-1.149079963490949,-0.007343604373452606,3.723628455783683
2.521155595779419,2.9140291328876273,-0.0054892408666950806,0.08027437383216005,-0.3176716770598039,-0.0018546437564825814,3.5282434232857707,-1.1739344244577403,-0.011001029984207544,3.718416825328519
2.538681983947754,2.9848451667428244,-0.029260450349572847,0.08017050025910172,-0.32325350851715834,-0.0027362783213269047,3.5553539309417737,-1.1949138892625562,-0.010750897874964305,3.7507813555332294
2.541163444519043,2.9848451667428244,-0.029260450349572847,0.08017050025910172,-0.32325350851715834,-0.002868266592413049,3.5262494545779344,-1.1822070590252205,0.00036354056913157073,3.7191462388994925
