Time,steering,throttle,x,y,vx,vy,velocity,yaw,yaw_rate
0.000690460205078125,0.1,0.0,2.817738826780893,2.887160954137455,0.027172644590844897,0.01733200802984669,0.03222966205852991,-3.13293368210541,0.0014877530175148705
0.011311769485473633,0.1,0.00050025,2.8176419187082895,2.887116314731769,-0.009690807260342993,-0.00446394056861088,0.010669513145275492,-3.133635410245707,-0.000685408355865212
0.021178245544433594,0.1,0.001001001,2.8177752855945286,2.887192060560349,0.013336688623910575,0.007574582858005385,0.015337586802490632,-3.1329661432496243,0.0006785666786025367
0.031229734420776367,0.1,0.001502252,2.8178344251053735,2.8872364875759424,0.005913951084490776,0.00444270155934845,0.007396784069795926,-3.133190176698696,-0.0001601937331226419
0.04130101203918457,0.1,0.002004004,2.8175293758318514,2.887050877706242,-0.030504927352215105,-0.018560986970062032,0.03570799392386435,-3.134358161380986,-0.0012560083534745154
0.051216840744018555,0.1,0.002506258,2.8176488464558047,2.887110327761848,0.011947062395334385,0.005945005560636929,0.01334448916197308,-3.1335586741171775,0.0007781221207332976
0.06360912322998047,0.1,0.003009014,2.817782813161876,2.88721124284713,0.013396670607113137,0.01009150852819829,0.016772278549147337,-3.133295551526853,0.0003220037013772129
0.07152676582336426,0.1,0.003512271,2.817804490738071,2.887183058287416,0.0021677576194978343,-0.002818455971409506,0.0035556809698937867,-3.132993877645842,0.00027250151722900195
0.08141040802001953,0.1,0.004016032,2.8177840038174358,2.8872098194146254,-0.0020486920635054418,0.002676112720934043,0.0033702697913097685,-3.133593534076859,-0.0005905222712482614
0.09156394004821777,0.1,0.004520296,2.8176407380720025,2.887085511395263,-0.014326574543321868,-0.012430801936247349,0.01896775091895634,-3.13334652637648,0.00020167810506263392
0.1015024185180664,0.1,0.005025063,2.81760231263648,2.8870922763261277,-0.0038425435522349005,0.0006764930864822105,0.003901638610491781,-3.1340591499761423,-0.0006882781980188024
0.11246371269226074,0.1,0.005530333,2.817603137986127,2.887035870407168,8.25349646849105e-05,-0.005640591895961222,0.0056411957027902295,-3.1332630953168277,0.0007575500632748193
0.12253642082214355,0.1,0.006036108,2.8176658598061755,2.8871216703513434,0.006272182004840587,0.008579994417523551,0.010628102902521286,-3.1335991444843816,-0.0002946288288331888
0.13287973403930664,0.1,0.006542388,2.8177543947431456,2.8871364780750595,0.008853493697014159,0.0014807723716092624,0.008976471325615135,-3.1334388916619837,0.00018578247875814053
0.1432046890258789,0.1,0.007049172,2.8175838448138744,2.8870721324453936,-0.017054992927123536,-0.006434562966584068,0.01822844986045629,-3.133948680966963,-0.0005552723195325715
0.15285539627075195,0.1,0.007556461,2.8175917711114407,2.8870947349180764,0.000792629756629637,0.0022602472682820007,0.0023951992912638826,-3.134228117325207,-0.0002801267180886592
0.1625356674194336,0.1,0.008064257,2.817685776188282,2.88714537313597,0.009400507684143022,0.005063821789352829,0.010677632501353309,-3.1334230385890214,0.0008173334689191108
0.17307329177856445,0.1,0.008572558,2.81788033252862,2.887237040590722,0.019455634033782587,0.009166745475219784,0.021506996960615903,-3.1320765278678917,0.0012772421732843943
0.18250370025634766,0.1,0.009081366,2.817780720705895,2.887207498998648,-0.009961182272499869,-0.0029541592074355805,0.0103900052400777,-3.1340490982615807,-0.0018646655007778434
0.1926407814025879,0.1,0.00959068,2.8175234424423166,2.887026606522665,-0.025727826357835326,-0.018089247598274127,0.03145062682635423,-3.1340367165622838,-8.62806919477428e-05
0.20261192321777344,0.1,0.010100502,2.817763126443931,2.8871802671282616,0.02396840016145596,0.015366060559651729,0.028471038327088923,-3.133915752197719,0.00019625298458026227
0.21274757385253906,0.1,0.010610831,2.8178003109389897,2.8872222747551115,0.003718449505862864,0.004200762684991588,0.00561010462141924,-3.1336385042971115,0.00022725068020640677
0.222977876663208,0.1,0.011121668,2.8178406994980527,2.8872246285297116,0.00403885590629649,0.00023537746001167648,0.004045708785924611,-3.133274648500206,0.00036684390762252537
0.23284459114074707,0.1,0.011633013,2.817442471750593,2.886980873290835,-0.03982277474596785,-0.024375523887654182,0.04669067951171512,-3.1345887360108584,-0.0013469945168880578
0.2426292896270752,0.1,0.012144867,2.8178777831027766,2.8872610048086673,0.04353113521835539,0.028013151783223833,0.05176578412647371,-3.1325392260814526,0.0020793353191002734
0.2528414726257324,0.1,0.012657231,2.8174491124926004,2.886956618493292,-0.04286706101761517,-0.030438631537510474,0.05257466319591852,-3.1347305613200067,-0.002193718711024748
0.26261067390441895,0.1,0.013170103,2.817774939580606,2.887163309666772,0.03258270880057701,0.020669117347971167,0.03858555849961746,-3.1330983007672715,0.0016286473609758603
0.27278804779052734,0.1,0.013683486,2.81760062772129,2.8870791979217767,-0.01743118593160453,-0.008411174499523,0.019354433586224986,-3.133841002507834,-0.0007583003544434378
0.28267431259155273,0.1,0.014197378,2.817787146032835,2.8871787707486565,0.01865183115450364,0.009957282687977909,0.02114327987669882,-3.1334105174477798,0.0004426001798542616
0.29277563095092773,0.1,0.014711782,2.817836501169597,2.8872362042060904,0.004935513676196379,0.00574334574339197,0.0075726689862993584,-3.1333667201561086,4.010062260617398e-05
0.3026585578918457,0.1,0.015226696,2.8175061041241674,2.88698457855632,-0.033039704542980886,-0.025162564977021518,0.04153043164367909,-3.134304965667264,-0.0009540498065467963
0.3124997615814209,0.1,0.015742122,2.8176811618049515,2.887146260336587,0.017505768078418527,0.016168178026676472,0.023829853056988853,-3.133935110324106,0.00040805846387955737
0.3228929042816162,0.1,0.016258059,2.8176786023643223,2.887114755766713,-0.00025594406292128724,-0.0031504569873774813,0.0031608363754962467,-3.133524878780817,0.0003949997988713007
0.3326375484466553,0.1,0.016774508,2.8175231629230417,2.887045386532377,-0.01554394412806026,-0.006936923433631392,0.017021607026962038,-3.134196727209206,-0.0007267348740235558
0.3425581455230713,0.1,0.01729147,2.817743125733817,2.8871611780444417,0.021996281077507618,0.01157915120648667,0.02485785839334116,-3.133481326798018,0.0007566240510850619
0.3526723384857178,0.1,0.017808945,2.817746245644821,2.8871913730413334,0.00031199110042123834,0.003019499689171923,0.0030355752040842924,-3.1334945896790924,8.067412911297125e-06
0.36349034309387207,0.1,0.018326934,2.818120854578891,2.8874777854219627,0.037460893407015305,0.02864123806292085,0.0471554774403639,-3.1293390114961204,0.004098318319432978
0.37282466888427734,0.1,0.018845435,2.8178036739539474,2.8872322360808242,-0.03171806249437914,-0.024554934113840687,0.04011209640161428,-3.133625724101069,-0.004239644367816336
0.38266563415527344,0.1,0.019364451,2.817975729899574,2.8873221227395915,0.01720559456264148,0.008988665876730195,0.01941207352390496,-3.132190893134937,0.001429495678286661
0.39266180992126465,0.1,0.019883982,2.8178479363015003,2.8872635728844998,-0.01277935980734668,-0.0058549855091794,0.01405677389724714,-3.133129728784158,-0.0009819170869380556
0.40277814865112305,0.1,0.020404027,2.8178065539677757,2.8872156756134366,-0.004138233372463773,-0.004789727106313535,0.006329807358674317,-3.133587299232775,-0.0004124173943468437
0.41266751289367676,0.1,0.020924587,2.817866729726903,2.887249606900519,0.006017575912720119,0.003393128708228943,0.006908295180140813,-3.1329019414612835,0.000644130806717039
0.4228997230529785,0.1,0.021445663,2.817872844212613,2.887262634364693,0.0006114485710195794,0.0013027464174086845,0.0014391030481077608,-3.1325785285985424,0.00033740462958551347
0.4326765537261963,0.1,0.021967255,2.8175898586115005,2.8870757241404297,-0.02829856011126175,-0.01869102242633147,0.033914050535321205,-3.1339797688769075,-0.0014235220999642558
0.44286489486694336,0.1,0.022489363,2.8177834476735644,2.88722651957357,0.01935890620639036,0.015079543314033828,0.02453894610751736,-3.1340202414401666,7.0563791974511515e-06
0.4529883861541748,0.1,0.023011988,2.8178446649910756,2.887273181639776,0.006121731751118631,0.004666206620607127,0.007697342649177817,-3.1303739250289526,0.0035763331942180085
0.462831974029541,0.1,0.02353513,2.8178233625892606,2.887248897308753,-0.0021302401814971006,-0.002428433102297234,0.0032303576525205017,-3.1329298335706413,-0.0025474790613821863
0.4728517532348633,0.1,0.02405879,2.817751508017857,2.8872075895245195,-0.007185457140357343,-0.004130778423361292,0.008288191883566616,-3.1335129562078605,-0.0005480843990204908
0.482558012008667,0.1,0.024582968,2.817863976613878,2.8872625766673283,0.011246859602120907,0.005498714280882666,0.012519093803171306,-3.1326710998314584,0.0008345308762130505
0.4921140670776367,0.1,0.025107663,2.8177599531753392,2.8872123172698627,-0.010402343853899154,-0.005025939746561292,0.011552870984773356,-3.1340044171705346,-0.0012957857593593426
0.5027697086334229,0.1,0.025632878,2.8176666356323206,2.8871558203412304,-0.009331754301866724,-0.005649692863229916,0.010908742723120715,-3.134092025284487,-8.600723382177666e-05
0.5121924877166748,0.1,0.026158612,2.8177008118506186,2.887121790568795,0.003417621829804318,-0.003402977243549543,0.004822902973487136,-3.1331994973502337,0.0008431504300182576
0.5303347110748291,0.1,0.026684865,2.817791507184538,2.887203693523824,-0.004456518937168141,-0.0055981848546604596,0.007155433928441238,-3.1335214140991696,-0.0007416520599577478
0.5325064659118652,0.1,0.027211638,2.817791507184538,2.887203693523824,-0.004456518937168141,-0.0055981848546604596,0.007155433928441238,-3.1335214140991696,-0.0007416520599577478
0.5420706272125244,0.1,0.027738931,2.817547611802979,2.8870334499733454,-0.024389538155888957,-0.0170243550478677,0.029743541084635866,-3.1337903338518163,-0.0003421553738127105
0.5523943901062012,0.1,0.028266744,2.8175921617717594,2.88707129592342,0.0044549968780227545,0.0037845950074721912,0.005845524489194782,-3.1340080557388306,-0.0001703929952648511
0.5621857643127441,0.1,0.028795079,2.81779535168509,2.887212074620425,0.02031899133307924,0.014077869700468426,0.02471938154762607,-3.1333314375048196,0.0006758428363195312
0.5720796585083008,0.1,0.029323935,2.817847650805179,2.8872336554816345,0.005229912008886117,0.0021580861209624658,0.005657677555868843,-3.133097161315525,0.00022826365047773605
0.5825598239898682,0.1,0.029853313,2.8178519858673066,2.8872191228147273,0.00043350621274917955,-0.001453266690720767,0.00151654598046041,-3.132697362133288,0.0003765807213635956
0.592644214630127,0.1,0.030383213,2.8175127609516672,2.8870651457585184,-0.033922491563931345,-0.015397705620889823,0.03725352026711805,-3.1346297628638844,-0.001919323162338169
0.6026148796081543,0.1,0.030913636,2.817480189817751,2.887045230343611,-0.0032571133916192707,-0.0019915414907423212,0.003817725128294825,-3.1350636964463456,-0.00043525889619813605
0.6126911640167236,0.1,0.031444582,2.8175953440242907,2.887114062667008,0.011515420653962494,0.006883232339705003,0.013415804123498033,-3.1345967550572937,0.0004856424777849205
0.6236746311187744,0.1,0.031976051,2.8177729686450457,2.887194025907734,0.01776246207549903,0.007996324072623295,0.019479380320173333,-3.133684562064033,0.0009075021225488
0.6329505443572998,0.1,0.032508043,2.8178389216152513,2.887233556469504,0.00659529702056183,0.003953056176975167,0.007689251974526083,-3.132763085883509,0.0008876471013170397
0.6426832675933838,0.1,0.03304056,2.817801364365159,2.8872221971599723,-0.0037557250092135064,-0.001135930953166664,0.00392374941544359,-3.1337836960409065,-0.0009581963991265322
0.6530265808105469,0.1,0.033573602,2.8177072348573167,2.8871543847361605,-0.009412950784248864,-0.00678124238118194,0.011601245221916025,-3.1333496949861495,0.00038879924990041156
0.6626224517822266,0.1,0.034107168,2.8177413874156385,2.8872061006887377,0.003415255832184272,0.005171595257724704,0.006197529339098713,-3.134465077162783,-0.0010552659177756082
0.6726455688476562,0.1,0.034641259,2.8178015210593674,2.8871997328097274,0.006013364372892127,-0.0006367879010316102,0.006046986845699978,-3.1332319352230003,0.0011816100491761846
0.6827602386474609,0.1,0.035175877,2.8178013864122233,2.8872080921745424,-1.3464714410105216e-05,0.0008359364815024861,0.000836044914846626,-3.132843971857104,0.00037967778314289556
0.6928095817565918,0.1,0.03571102,2.8178278744269223,2.8872350271238276,0.0026488014698955453,0.0026934949285184473,0.0037777062030914204,-3.133517599780436,-0.0006667314410777464
0.7026872634887695,0.1,0.03624669,2.817488572180602,2.8870393827302854,-0.03393022463202833,-0.019564439354224916,0.039166662237482615,-3.134907104737976,-0.0013996902566773284
0.7126948833465576,0.1,0.036782887,2.817614641332264,2.887092255152539,0.01260691516620227,0.005287242225371358,0.0136707439577212,-3.1336990512873086,0.001202048849615
0.7229154109954834,0.1,0.03731961,2.81787488929218,2.8872813653721066,0.02602479599160823,0.018911021956746765,0.032170122129910945,-3.1333540886393147,0.0003667588415122025
0.7326252460479736,0.1,0.037856862,2.8178278981417018,2.887244247116339,-0.004699115047834823,-0.003711825576768746,0.0059882661384696575,-3.133426533433731,-7.85454358867622e-05
0.7425637245178223,0.1,0.038394642,2.8177963077082064,2.887185307129607,-0.003159043349532098,-0.005893998673167644,0.006687209824996142,-3.1330190603044064,0.00039245228759598924
0.7525918483734131,0.1,0.03893295,2.817799066832331,2.887186023263204,0.00027591241247293397,7.161335968675075e-05,0.00028505461343794874,-3.1327398965803464,0.0002569507208468881
0.7625596523284912,0.1,0.039471787,2.8174275156389808,2.8869826580353517,-0.037155119335041675,-0.0203365227852359,0.04235654674068233,-3.1347040111216278,-0.0019513535434480046
0.7725493907928467,0.1,0.040011153,2.8178601790528353,2.887243458618658,0.0432663413854506,0.026080058330624212,0.050518766210301665,-3.1327164502349234,0.001977738294457241
0.782386064529419,0.1,0.040551049,2.817853325980872,2.8872566138514673,-0.000685307196324203,0.00131552328093143,0.001483323112476285,-3.1326174716428064,9.701045704524809e-05
0.7924532890319824,0.1,0.041091475,2.817627150615668,2.8870885275842233,-0.022617536520419534,-0.016808626724396092,0.028179476407708393,-3.133712024044362,-0.0010611567020377543
0.8023481369018555,0.1,0.041632431,2.8175759846884496,2.8870306166014075,-0.005116592721821078,-0.0057910982815823075,0.0077276348508413615,-3.1334624420483226,0.00022186221582593855
0.8125090599060059,0.1,0.042173918,2.8175850479641307,2.8870801976931104,0.0009063275681064908,0.004958109170294378,0.005040265489561739,-3.1337693120660726,-0.00034657121146427757
0.8224420547485352,0.1,0.042715936,2.817524266050598,2.88702612715684,-0.006078191353253715,-0.0054070536270600655,0.00813514837311967,-3.1344420885460003,-0.0006102910687496486
0.8328342437744141,0.1,0.043258486,2.817793227463239,2.88718756911765,0.02689614126407669,0.016144196081002704,0.03136937171827055,-3.132775986579991,0.0016386390527645723
0.8428239822387695,0.1,0.043801568,2.8175499016580368,2.887056880672175,-0.024332580520214364,-0.013068844547481362,0.027620086397021803,-3.134154361778104,-0.0013617723133531447
0.8529129028320312,0.1,0.044345182,2.8178670515559836,2.8872018703654234,0.031714989794684456,0.01449896932483874,0.03487206172797293,-3.131939619172182,0.0021931417537542834
0.8625631332397461,0.1,0.044889329,2.8176140243392696,2.887079621629986,-0.025302721671405237,-0.012224873543731363,0.02810116113509944,-3.1335291862731722,-0.001569589707310309
0.8725643157958984,0.1,0.04543401,2.81785132761993,2.887233363746363,0.023730328066040585,0.015374211637686486,0.02827534002628948,-3.132784842538613,0.0007272128539242473
0.8825445175170898,0.1,0.045979224,2.8176252129122523,2.88707728538093,-0.02261147076776382,-0.015607836543285458,0.027475137339845176,-3.1335701777145313,-0.000780534838546745
0.8925845623016357,0.1,0.046524971,2.8178317484473423,2.8871912569919065,0.020653553508998,0.01139716109763711,0.02358950091957302,-3.1326781880794283,0.0008997915560320942
0.9024643898010254,0.1,0.047071254,2.817745420850098,2.8871507155323015,-0.008632759724447325,-0.004054145960497024,0.009537328762764457,-3.13280869908327,-0.0001564395834902109
0.9125180244445801,0.1,0.047618071,2.8175558777905994,2.887057573466593,-0.018954305949847594,-0.009314206570865124,0.021119189333049102,-3.1340432910080622,-0.0012002363197776344
0.9244582653045654,0.1,0.048165423,2.8178269645007945,2.88720848867512,0.02710867101951564,0.015091520852728024,0.031026344388159103,-3.1329331263376887,0.001103625118475147
0.9328110218048096,0.1,0.048713311,2.817845341905672,2.887218301199202,0.0018377404877423231,0.0009812524081720397,0.002083301799747415,-3.13267796215864,0.00024199624413250568
0.9431571960449219,0.1,0.049261734,2.817826366691869,2.8871918266269643,-0.0018975213802896462,-0.00264745722375892,0.0032572407249525804,-3.1326738879372424,1.026503736063751e-06
0.9525642395019531,0.1,0.049810695,2.817596430488942,2.887054675989364,-0.022993620292721673,-0.013715063760022517,0.02677329916366948,-3.1336119101342232,-0.0009484691215551867
0.9624371528625488,0.1,0.050360191,2.8176882254732365,2.8871415756501007,0.00917949842946797,0.008689966073660571,0.012640360033558246,-3.133335836162282,0.0002933304905668416
0.9724898338317871,0.1,0.050910226,2.817547662812506,2.887046702531337,-0.014056266073048107,-0.009487311876377191,0.016958410967893512,-3.133835550343661,-0.0005401229456549708
0.9824333190917969,0.1,0.051460797,2.8174657293184175,2.887009561650193,-0.008193349408847084,-0.0037140881143926663,0.008995855993563243,-3.1346598175601645,-0.000787207511410562
0.9924862384796143,0.1,0.052011907,2.817718669820556,2.887116720852403,0.025294050213853225,0.01071592022099388,0.027470346237418158,-3.132842573022806,0.0018308086026728977
1.0024168491363525,0.1,0.052563555,2.8174907827151956,2.8869740446681313,-0.02278871053604803,-0.014267618427155071,0.026886618669492105,-3.1338500218796383,-0.0010471435872395532
1.0124762058258057,0.1,0.053115742,2.817843988532492,2.8871781906636054,0.035320581729658684,0.020414599547402545,0.04079582537959377,-3.1326694899247,0.001214424136517881
1.0229575634002686,0.1,0.053668468,2.8175302973921212,2.8870213088766685,-0.03136911403709419,-0.015688178693684662,0.03507335550239243,-3.13375250951772,-0.0011513988947973175
1.0327041149139404,0.1,0.054221733,2.8174477176808463,2.886974934774186,-0.008257971127489938,-0.004637410248253815,0.009470990494825077,-3.134732141898558,-0.000922495882474242
1.0426995754241943,0.1,0.054775539,2.8178642362161237,2.887182906016494,0.04165185352773548,0.020797124230798048,0.04655531418181149,-3.13219562515926,0.002476898643420528
1.05259108543396,0.1,0.055329885,2.8177031432180377,2.887133574482233,-0.016109299808597655,-0.0049331534261121135,0.0168477162561828,-3.1332743078510386,-0.0010463456864054802
1.0624361038208008,0.1,0.055884771,2.817562950191689,2.887045158945175,-0.014019302634871167,-0.008841553705796201,0.016574496019504913,-3.134348492482069,-0.001037389432285383
1.072479486465454,0.1,0.056440199,2.817424324452966,2.8870042960457543,-0.013862573872280848,-0.004086289942062393,0.014452291162824111,-3.135120384975258,-0.0007872596880712502
1.0824272632598877,0.1,0.056996169,2.817497854046053,2.8870110678949668,0.007352959308670748,0.0006771849212494629,0.007384076788098526,-3.134423767784793,0.000691741085303627
1.092576503753662,0.1,0.05755268,2.8177631015352897,2.8871597490935703,0.02652474892368417,0.014868119860356188,0.030407619006531945,-3.1332776391854256,0.0011423090680113856
1.1024870872497559,0.1,0.058109734,2.8176220421893325,2.8870866916302225,-0.014105934595720626,-0.007305746334784757,0.01588556956256114,-3.1337668066058075,-0.0005180144695507211
1.112431526184082,0.1,0.05866733,2.8177253721510547,2.887123393291791,0.010332996172213171,0.0036701661568550037,0.01096544251336424,-3.1332266030936835,0.0005773969648046379
1.1227922439575195,0.1,0.05922547,2.817841196462733,2.8872095316987907,0.011582431167811436,0.008613840699966957,0.0144343674389111,-3.1329094383517555,0.00028189585993486664
1.1325442790985107,0.1,0.059784154,2.817470462052084,2.8870147996048616,-0.0370734410648943,-0.0194732093929062,0.04187655568993421,-3.134421392000563,-0.0015249753457196623
1.1424825191497803,0.1,0.060343381,2.8176938700360257,2.8871303663988144,0.02234079839418257,0.011556679395274827,0.025152894694938796,-3.133705486043646,0.0007667361211521282
1.1526219844818115,0.1,0.060903153,2.8176494491171757,2.887119708667467,-0.004442091884993005,-0.0010657731347230026,0.004568156377513581,-3.133529269923221,0.00011180492128171154
1.1624369621276855,0.1,0.06146347,2.8176459082237257,2.8871214172183115,-0.0003540893450004745,0.000170855084435928,0.00039315483479218866,-3.133674379053009,-0.00012601779721308986
1.1725101470947266,0.1,0.062024332,2.8178725099365174,2.8872787444289303,0.022660171279165198,0.015732721061878507,0.0275862624219371,-3.1327272351423514,0.0009865649041435349
1.182431697845459,0.1,0.062585739,2.8177714952039032,2.8871879621846817,-0.01010147326141464,-0.00907822442486328,0.013581381400993756,-3.1334302340950715,-0.0007240065268314657
1.1926977634429932,0.1,0.063147693,2.81786005757869,2.8872463266699766,0.00885623747866049,0.005836448529494831,0.010606463770544501,-3.1324364102106728,0.0009679171986355846
1.2025120258331299,0.1,0.063710193,2.817492861443933,2.887051444181688,-0.036719613475666435,-0.01948824882886946,0.04157068505832296,-3.1347840081896186,-0.002318779713669363
1.2125763893127441,0.1,0.06427324,2.817735905253049,2.887187277642914,0.02430438091156617,0.013583346122603146,0.02784259728152063,-3.1334691986682492,0.0012843384693443794
1.2228097915649414,0.1,0.064836834,2.8177748226393016,2.887195423924932,0.0038917386252723674,0.0008146282017840178,0.003976084585943654,-3.133660467168683,-0.00015782849278191238
1.2325584888458252,0.1,0.065400976,2.8178187393830463,2.8871936048094136,0.004391674374470966,-0.00018191155182201157,0.004395440321978135,-3.132918353886519,0.0007183706636036007
1.2425305843353271,0.1,0.065965665,2.8174900926859356,2.886986419678357,-0.0328646697110635,-0.020718513105677516,0.03885026770213335,-3.1339071401521355,-0.0010346224906704659
1.2526710033416748,0.1,0.066530904,2.8178468431437396,2.8872330931778647,0.03567504578039227,0.024667349950791007,0.04337265319331841,-3.1330689438392203,0.0008679662237864841
1.2624175548553467,0.1,0.067096691,2.817562818980376,2.887072047027663,-0.028402416336348324,-0.016104615020173796,0.032650511155130076,-3.134276456311171,-0.0011968683761475047
1.2724294662475586,0.1,0.067663027,2.817562818980376,2.887072047027663,-0.028402416336348324,-0.016104615020173796,0.032650511155130076,-3.134276456311171,-0.0011968683761475047
1.2823295593261719,0.1,0.068229914,2.817562818980376,2.887072047027663,-0.028402416336348324,-0.016104615020173796,0.032650511155130076,-3.134276456311171,-0.0011968683761475047
1.292724370956421,0.1,0.06879735,2.817529800488714,2.8870495287375113,-0.005301606427643435,-0.002152090747387092,0.0057217589339834405,-3.1342760580609657,-0.0003434653417172384
1.3024702072143555,0.1,0.069365337,2.817789868511769,2.887200317785917,0.026006802305511556,0.015078904840581941,0.03006205477590124,-3.133496226899625,0.0008140120524108245
1.3126955032348633,0.1,0.069933874,2.817829791847104,2.887233163062359,0.003992333533497927,0.003284527644176194,0.005169801629467968,-3.1333115798506186,0.0001813482021825785
1.3228261470794678,0.1,0.070502963,2.8176328283671372,2.8871240960546563,-0.0196963479966783,-0.010906700770263456,0.022514489692158662,-3.1338269535778904,-0.0005502262618624922
1.3326759338378906,0.1,0.071072604,2.817828336469822,2.887209257483374,0.019550810268453844,0.008516142871783927,0.021325076120982934,-3.1330813319828854,0.0007706286851892036
1.3424696922302246,0.1,0.071642797,2.8176846757150913,2.8871445743599016,-0.014366075473049023,-0.006468312347251981,0.015755100416022527,-3.1335456974124622,-0.00047707053046833247
1.352604627609253,0.1,0.072213543,2.8174917378936035,2.8870247861368763,-0.019293782148777083,-0.011978822302527448,0.02270995846231336,-3.134568126541228,-0.0010137703510795036
1.3626773357391357,0.1,0.072784841,2.817821265302096,2.8871900037449634,0.032952740849268025,0.016521760808707597,0.036862605845208014,-3.1328697261975726,0.001686184636157878
1.3726704120635986,0.1,0.073356693,2.8176727326485946,2.8871410236372874,-0.01485326535015652,-0.004898010767595551,0.015640012821019112,-3.133729538554986,-0.0008803234228093194
1.382467269897461,0.1,0.073929098,2.8175613504724337,2.8870720050756487,-0.01113821761609124,-0.0069018561638767295,0.013103263340490735,-3.1341299506158418,-0.00038328861266705226
1.3925042152404785,0.1,0.074502058,2.8174983743880597,2.8870308289346567,-0.006297608437400015,-0.004117614099197198,0.007524268595732041,-3.134516967568018,-0.00041136123100059485
1.4024438858032227,0.1,0.075075573,2.8176216051929477,2.88711560418997,0.012323080488796379,0.008477525531347396,0.014957498182115917,-3.134173454350408,0.000381651257119969
1.4123671054840088,0.1,0.075649642,2.817709548409758,2.8871632779320295,0.008794321681016015,0.004767374205938424,0.010003396955466447,-3.133302710497011,0.0008239178501946286
1.4223434925079346,0.1,0.076224267,2.817786561495456,2.8871808019351954,0.007701308569796339,0.0017524003165902968,0.00789816817729303,-3.1327413120512886,0.000608368328672962
1.4325368404388428,0.1,0.076799448,2.8178162302570633,2.887184832434294,0.0029668761607481997,0.00040304990984729727,0.0029941281507383567,-3.133072555998356,-0.0003292732525918758
1.4424211978912354,0.1,0.077375185,2.8177977230284585,2.887220204251398,-0.0018507228604747183,0.003537181710422388,0.003992095885475494,-3.1329584742864656,9.720597027488137e-05
1.4544248580932617,0.1,0.077951478,2.8176167147673676,2.887114112003988,-0.018100826109090917,-0.010609224741031653,0.020980837815427332,-3.1341620280226974,-0.0011916048989103357
1.4624543190002441,0.1,0.078528329,2.8176149703954767,2.887053926117206,-0.00017443718909326833,-0.006018588678191605,0.006021116010358456,-3.1334255252198657,0.000716111942442184
1.4724757671356201,0.1,0.079105737,2.8177945766723735,2.887166004853108,0.01796062768968376,0.011207873590191042,0.02117074815449697,-3.133086891665625,0.00034589059688049876
1.4823582172393799,0.1,0.079683704,2.817663755295216,2.8871948177836444,-0.013082137715736408,0.0028812930536581405,0.01339567754443767,-3.1322648469541234,0.0008119472169929862
1.4924323558807373,0.1,0.080262228,2.8178565890753133,2.887276210662524,0.01928337800971569,0.008139287887942714,0.020930759059059414,-3.1331509314189128,-0.000897697967308462
1.5024337768554688,0.1,0.080841311,2.8176690857696673,2.8871197210995336,-0.018750330564598627,-0.01564895629901919,0.02442262740841644,-3.1336399380296465,-0.0004451095402807218
1.512420415878296,0.1,0.081420954,2.8174658604592753,2.886974699396438,-0.020322531039207448,-0.01450217030956047,0.024966341572746444,-3.1342723496498675,-0.0006769312082899813
1.5224530696868896,0.1,0.082001156,2.817860635416566,2.887258744210549,0.03947749572907888,0.02840448141108176,0.04863421874844841,-3.1333938958262806,0.000900980523645055
1.5328588485717773,0.1,0.082581918,2.8175901205507703,2.8870310826580172,-0.02705148657957679,-0.022766155253162168,0.03535648103496877,-3.133438237440363,-9.819068328970502e-05
1.5424082279205322,0.1,0.08316324,2.817795226366216,2.8871719158054754,0.020510581544552764,0.014083314745816367,0.024880187087831095,-3.132499996768635,0.0009632627842876258
1.5525095462799072,0.1,0.083745123,2.817696174352022,2.887114067162027,-0.009905201419391219,-0.005784864344837715,0.011470731042391522,-3.1333438763148007,-0.000822371800092517
1.5626604557037354,0.1,0.084327567,2.8175109072830775,2.8870291014142575,-0.01852670689443947,-0.008496574776950538,0.020382115967013413,-3.1344178802509384,-0.0010822125071101368
1.5727794170379639,0.1,0.084910573,2.8177124374021822,2.887152968160749,0.02015301191047314,0.012386674649134122,0.023655308028583653,-3.1332598711503827,0.0011350480669520477
1.5824317932128906,0.1,0.085494141,2.8175810878167886,2.8871328243394596,-0.013134958539362529,-0.002014382128923131,0.013288524041145333,-3.1350900748274793,-0.0017676437585377892
1.5924694538116455,0.1,0.086078272,2.8177889658418547,2.8872078061824977,0.0207878025066055,0.007498184303811328,0.022098766954460527,-3.133801639563626,0.0012800648791136725
1.6026043891906738,0.1,0.086662965,2.8175819031168245,2.887111476965264,-0.020706272503012713,-0.009632921723357057,0.022837313806517278,-3.1348597321922904,-0.0010379727330257825
1.6124439239501953,0.1,0.087248222,2.8176357572004833,2.8871165510005072,0.005385408365876643,0.0005074035243080033,0.005409258877492767,-3.1337569602475446,0.0010302923864815524
1.6224472522735596,0.1,0.087834043,2.81789805782786,2.887247889717607,0.02623006273765327,0.013133871709980482,0.029334532164591483,-3.132537873453757,0.001216913809193886
1.632493019104004,0.1,0.088420427,2.8175990682375422,2.8871011490889846,-0.029898959031759986,-0.014674062862241044,0.0333057933709417,-3.1341710798539917,-0.001593868937052467
1.6423132419586182,0.1,0.089007376,2.8175990682375422,2.8871011490889846,-0.029898959031759986,-0.014674062862241044,0.0333057933709417,-3.1341710798539917,-0.001593868937052467
1.6524498462677002,0.1,0.089594891,2.817599026976569,2.887123049723113,-4.126097330470202e-06,0.002190063412843557,0.0021900672996406183,-3.1341406117618926,-4.374369489023729e-05
1.662386417388916,0.1,0.09018297,2.8174624351252406,2.8870089570712407,-0.014156004363963248,-0.007004697953183481,0.01579424746443715,-3.134622114106023,-0.0007008736036038492
1.672731876373291,0.1,0.090771615,2.8174624351252406,2.8870089570712407,-0.014156004363963248,-0.007004697953183481,0.01579424746443715,-3.134622114106023,-0.0007008736036038492
1.6824555397033691,0.1,0.091360827,2.817521499655408,2.8870160575980988,-0.02784274459850522,-0.016040115191984228,0.0321325959447679,-3.133855341528739,-0.0007893472415545265
1.6924190521240234,0.1,0.091950605,2.8175056061766894,2.8870376403642,-0.0015893478718442822,0.002158276610142451,0.0026803329240271513,-3.1344139564985403,-0.0005055778010932851
1.7025628089904785,0.1,0.092540951,2.8177318954156325,2.887184660246913,0.022628923894307817,0.014701988271292876,0.026985489725843564,-3.133336479616188,0.00105571012934787
1.712416648864746,0.1,0.093131863,2.8178766334557346,2.8872450298178225,0.014473804010206592,0.006036957090937989,0.015682342090507364,-3.132736212429437,0.0006015642377583305
1.7247977256774902,0.1,0.093723344,2.817853851289477,2.8872428628494444,-0.002278216625750673,-0.00021669683780700666,0.002288499183605347,-3.1330109469188194,-0.00026010408373174223
1.7357263565063477,0.1,0.094315393,2.8178117772213094,2.8872009536107894,-0.0042074068167696765,-0.00419092386549913,0.005938528013591425,-3.13314210804865,-0.00011874552016413539
1.7441728115081787,0.1,0.094908011,2.817529368368933,2.8870538067799294,-0.028240885237629243,-0.014714683086003433,0.031844457874588804,-3.1342413356417347,-0.001127909027117656
1.7535655498504639,0.1,0.095501198,2.81766648843312,2.887135337535653,0.013712006418709066,0.008153075572359114,0.015952797914952646,-3.133373011409895,0.0008692997688056342
1.762634038925171,0.1,0.096094955,2.817617731479145,2.887132289437211,-0.004875695397510427,-0.00030480984420933055,0.004885213879701817,-3.1343408290953443,-0.0009539674842315183
1.772627830505371,0.1,0.096689281,2.817855072022179,2.887271777740564,0.023734054303403695,0.013948830335319684,0.027529533257947728,-3.1333198860898963,0.0010230719590877447
1.7824630737304688,0.1,0.097284178,2.817538107244668,2.887012798809463,-0.03169647775109752,-0.025897893110116144,0.04093125418758655,-3.1338114443940603,-0.0005531655606022026
1.7925829887390137,0.1,0.097879646,2.8176762563489635,2.8871335876631883,0.013814910429532645,0.012078885372535098,0.018350782599629155,-3.133372419775583,0.0004902258041334935
1.8027195930480957,0.1,0.098475686,2.817535747175271,2.887050388624576,-0.014050917369257121,-0.008319903861231381,0.01632939310500621,-3.134116093975908,-0.000787706787686775
1.8125510215759277,0.1,0.099072296,2.817805165426933,2.887249533577175,0.02694182516620458,0.019914495259909515,0.033502970983829074,-3.1337812639918536,0.0003855044789699478
1.8225533962249756,0.1,0.099669479,2.817478006118191,2.8870421988130115,-0.03271593087417202,-0.020733476416356922,0.038732533834894285,-3.134793325447951,-0.00105553917411514
1.8328564167022705,0.1,0.100267235,2.817874614046299,2.887278555695028,0.03966079281076951,0.02363568820165085,0.046169516384129944,-3.1329043324605106,0.001903784635749831
1.842634916305542,0.1,0.100865564,2.8174459917539654,2.886986570524124,-0.04286222923335359,-0.029198517090378573,0.0518625500253283,-3.1347026528679556,-0.0017999833859328811
1.8528177738189697,0.1,0.101464466,2.8174459917539654,2.886986570524124,-0.04286222923335359,-0.029198517090378573,0.0518625500253283,-3.1347026528679556,-0.0017999833859328811
1.862593173980713,0.1,0.102063941,2.817672911419896,2.8871293316090028,0.022691966593058055,0.014276108487853989,0.026809189122713864,-3.1335624134530815,0.0011478082529793622
1.87288236618042,0.1,0.102663991,2.8177750208845107,2.887160477712473,0.016735136560486197,0.0062908462739930116,0.017878465888916017,-3.1333133317384796,0.0009914373346047503
1.882652759552002,0.1,0.103264616,2.8178548443591693,2.8872490093541776,0.00798234746586246,0.00885316417047477,0.011920418906025873,-3.1329778038182283,0.0002809092353640872
1.8928346633911133,0.1,0.103865816,2.8177851439570003,2.8872207658177182,-0.006970040216902618,-0.0028243536459360286,0.007520534166038475,-3.132942372965626,2.969491329581392e-05
1.9028587341308594,0.1,0.104467591,2.8177915677572343,2.887214251845165,0.0006423800233967825,-0.000651397255335695,0.0009148609067602176,-3.1334790970270174,-0.0004962884854912068
1.912736415863037,0.1,0.105069943,2.817830961258787,2.887210280193055,0.003939350155279797,-0.0003971652109857615,0.003959320629946548,-3.132902104598513,0.0005385752705634266
1.9225852489471436,0.1,0.10567287,2.817778419764169,2.8872171677593914,-0.005254149461819679,0.000688756633637766,0.005299101081081588,-3.1332584447106595,-0.00034083678249750653
1.9327278137207031,0.1,0.106276375,2.8178675193201737,2.887225062659476,0.008909955600477915,0.0007894900084792766,0.008944864631506524,-3.1318303355956494,0.0013965595237409945
1.9425663948059082,0.1,0.106880456,2.817828553978183,2.8872173946692654,-0.003896534199077095,-0.0007667990210791231,0.003971266737869074,-3.133219949979029,-0.001367618610266227
1.9527971744537354,0.1,0.107485116,2.8175190251660975,2.8870591277659496,-0.030952881208534677,-0.015826690331577353,0.03476442120848991,-3.134579206027586,-0.0013712632842288821
1.962721347808838,0.1,0.108090353,2.8175930180942674,2.8871021565830204,0.0073992928169897,0.004302881707074491,0.008559458229153973,-3.134576672388823,3.275806432864186e-05
1.9727537631988525,0.1,0.108696169,2.8177385986037566,2.8871541548182043,0.014558050948920709,0.005199823518386992,0.015458816644676967,-3.133122258297557,0.0014602637713270494
1.9826862812042236,0.1,0.109302564,2.8174899556704704,2.8869941379519837,-0.02486429332861917,-0.01600168662205803,0.02956834553170276,-3.134178051754966,-0.0011198462284434697
2.0012128353118896,0.1,0.109909538,2.8175934707209773,2.887112584804467,0.0027221685000800022,0.003231529086678009,0.004225278876106737,-3.133752903796061,0.00012154200241385382
2.003878116607666,0.1,0.110517092,2.8175934707209773,2.887112584804467,0.0027221685000800022,0.003231529086678009,0.004225278876106737,-3.133752903796061,0.00012154200241385382
2.0119173526763916,0.1,0.111125226,2.81776827149935,2.887216281427887,0.017480077837284114,0.010369662342002428,0.02032444386163259,-3.133258932402317,0.0005304127163879939
2.0231525897979736,0.1,0.111733941,2.8175963457843514,2.8871067132190906,-0.01719257149987996,-0.010956820879659546,0.020387163573372048,-3.1332722591433297,-4.985225932696935e-05
2.0332939624786377,0.1,0.112343237,2.817809432139807,2.887246875491615,0.021308635545569388,0.014016227252433566,0.0255051480137984,-3.1324161676551627,0.000832810114535484
2.0431571006774902,0.1,0.112953114,2.8174891365548307,2.8870380370189213,-0.03202955849763711,-0.020883847269370648,0.038236470735725045,-3.1339255619479305,-0.001476957326805508
2.0532164573669434,0.1,0.113563573,2.8174850012069643,2.8870437249851175,-0.00041353478663630483,0.0005687966196266103,0.0007032358169611336,-3.133655527342093,0.0002401620987620882
2.0631532669067383,0.1,0.114174615,2.817670145131898,2.8871859219099885,0.018514392493385046,0.014219692487094093,0.02334485775982867,-3.1341412932941326,-0.00040382625972177017
2.0731592178344727,0.1,0.11478624,2.8175958044049505,2.887142654864496,-0.0074340726947674796,-0.004326704549262317,0.00860150039747105,-3.133946895270206,0.0001513641986187903
2.0830421447753906,0.1,0.115398447,2.8174491341379997,2.8870019637326947,-0.01466702669508102,-0.014069113180115167,0.020323917381969196,-3.133770562839953,9.197493931353931e-05
2.0932934284210205,0.1,0.116011239,2.8175021306486996,2.8870475948096894,0.005299651069989864,0.004563107699473434,0.006993443596729615,-3.1338493916433134,-7.619829760782756e-05
2.103276491165161,0.1,0.116624614,2.8175312243710025,2.887082438767099,0.0029093722302864222,0.0034843957409602666,0.004539323788185178,-3.133670062947011,0.0001991552463043573
2.1130757331848145,0.1,0.117238574,2.8178169363533656,2.8872348347907457,0.02857119823631571,0.01523960236466948,0.032381458412061824,-3.132689120536918,0.000991220764121239
2.1278231143951416,0.1,0.117853119,2.8177418135198984,2.887191851493624,0.020886628818894692,0.012039634799299037,0.02410817432985697,-3.1326571512489276,0.0010509089712244244
2.1330952644348145,0.1,0.118468249,2.8177418135198984,2.887191851493624,0.020886628818894692,0.012039634799299037,0.02410817432985697,-3.1326571512489276,0.0010509089712244244
2.144453287124634,0.1,0.119083965,2.8177118644160184,2.887202690457855,-0.002994910387998928,0.001083896423104136,0.0031850148646688967,-3.133575974417343,-0.0008573755252768299
2.153554916381836,0.1,0.119700268,2.817711542944776,2.887229649999115,-3.2147124251480363e-05,0.002695954125986333,0.0026961457837105865,-3.1336663047492124,-9.927494544087588e-05
2.163123607635498,0.1,0.120317157,2.8177195840483535,2.8871755029966994,0.0008041103577660635,-0.005414700241557213,0.005474081856657462,-3.132921038851117,0.0007205313229458595
2.173238515853882,0.1,0.120934633,2.8174016450012545,2.8870291052952766,-0.03179390470990917,-0.014639770142288455,0.03500250343220932,-3.133980920535252,-0.001132083304582212
2.1830172538757324,0.1,0.121552696,2.817379210005524,2.887019729664267,-0.0022434995730513663,-0.0009375631009778118,0.0024315252214601422,-3.1344157301392355,-0.00041442805032710674
2.193380355834961,0.1,0.122171348,2.8177125050933705,2.887217940582318,0.03332950878465191,0.01982109180511671,0.03877798133184673,-3.1330554305903577,0.0013861478883813554
2.203251361846924,0.1,0.122790588,2.8174119751349034,2.8870303126894323,-0.03005299584670773,-0.01876278928856223,0.03542915213844692,-3.133846749480657,-0.0008043889469423233
2.2131497859954834,0.1,0.123410417,2.817547449772155,2.8871931986416888,0.013547463725149811,0.016288595225644187,0.021186130081001783,-3.1337848998856352,0.00010447355276690733
2.2227790355682373,0.1,0.124030835,2.817393535531572,2.8871690634158957,-0.015391424058286418,-0.0024135225793031623,0.01557950659625664,-3.133693698706543,0.00012550315029955108
2.232877016067505,0.1,0.124651842,2.817241526820687,2.887162514455408,-0.015200871088483225,-0.0006548960487684496,0.015214971925159039,-3.133265636788924,0.0004105114998474023
2.241365909576416,0.1,0.12527344,2.816488976383774,2.8872155320461848,-0.07525504369132463,0.005301759077669388,0.07544156845069454,-3.1378631472466916,-0.004656531241204124
2.251913070678711,0.1,0.125895629,2.8162331346450826,2.887123429981201,-0.02558417386913092,-0.009210206498355689,0.027191503384481612,-3.137406174811765,0.000459209277309959
2.262348175048828,0.1,0.126518408,2.8160504969635385,2.8869406502096955,-0.018263768154413995,-0.018277977150571445,0.025838917854952802,-3.135507160528379,0.0018758058614828943
2.271491527557373,0.1,0.127141779,2.8154663680917973,2.886965183524139,-0.05841288717411963,0.0024533314443520027,0.05846438422828274,-3.137318292865861,-0.0017757511398835948
2.2817530632019043,0.1,0.127765742,2.8157078883947104,2.8867838354389193,0.02415203029131341,-0.018134808521974577,0.030202513923864055,-3.1303943234095954,0.006938867862845154
2.2916979789733887,0.1,0.128390297,2.8152696577035097,2.8869555580362833,-0.04382306912007472,0.01717225973640879,0.047067482315899724,-3.1303910827328014,2.366563379583101e-05
2.3023030757904053,0.1,0.129015445,2.8146364034295583,2.8869050054615624,-0.06332542739513336,-0.005055257472097452,0.06352688708637866,-3.1295234328435133,0.0008418899326824888
2.31200909614563,0.1,0.129641186,2.8140592752526103,2.8869857209468086,-0.05771281769479941,0.008071548524624106,0.058274516058552675,-3.1297970828058963,-0.00024381851426609006
2.322092056274414,0.1,0.130267521,2.812517454046048,2.886772396034596,-0.15418212065623216,-0.0213324912212709,0.15565089627675946,-3.1343478835923095,-0.004621032592712409
2.336414337158203,0.1,0.13089445,2.812478077206774,2.8866600296656215,-0.003937683927413005,-0.011236636897438146,0.011906610074957316,-3.127445636481809,0.006921807080452403
2.341449499130249,0.1,0.131521973,2.812478077206774,2.8866600296656215,-0.003937683927413005,-0.011236636897438146,0.011906610074957316,-3.127445636481809,0.006921807080452403
2.3531224727630615,0.1,0.132150092,2.81118958341159,2.8867327353377448,-0.057796864848169704,0.0010920400127734098,0.0578071806756487,-3.1272638567065405,0.0012634230051103434
2.3614501953125,0.1,0.132778805,2.8096220983543283,2.886678906065806,-0.1567485057261564,-0.0053829271938976575,0.15684090650260119,-3.134575601933368,-0.007303010188682773
2.371483325958252,0.1,0.133408115,2.80846279165812,2.8865482897966825,-0.11593066962083398,-0.013061626912325153,0.11666416011925743,-3.1351526210556164,-0.00058270031781291
2.382904052734375,0.1,0.13403802,2.807592777767453,2.886589724823615,-0.08700138906667654,0.004143502693265688,0.08710000180310172,-3.134313255706927,0.0008382842076782988
2.3929152488708496,0.1,0.134668523,2.807592777767453,2.886589724823615,-0.08700138906667654,0.004143502693265688,0.08710000180310172,-3.134313255706927,0.0008382842076782988
2.4030251502990723,0.1,0.135299622,2.8066050951419745,2.8864296214829164,-0.09876826254786586,-0.016010334069882504,0.10005748589562603,-3.134185150651667,0.00015795794129759355
2.412790060043335,0.1,0.135931319,2.8043295684161538,2.8862716810552733,-0.07646520734008178,0.03194820421859035,0.08287107870876576,-3.1317246030206296,0.002307777297250289
2.4228742122650146,0.1,0.136563614,2.8043295684161538,2.8862716810552733,-0.07646520734008178,0.03194820421859035,0.08287107870876576,-3.1317246030206296,0.002307777297250289
2.43293833732605,0.1,0.137196508,2.8012650879168426,2.8853905251542358,-0.2203851681342961,-0.0755078016757782,0.23296147846262183,-3.128521322801186,-0.001853384032596848
2.442660093307495,0.1,0.13783,2.799727140981191,2.8852956447391964,-0.15379469356515685,-0.009488041503935563,0.15408708803913748,-3.131240499742735,-0.002712747056607154
2.453071117401123,0.1,0.138464092,2.7990884035491335,2.8856867762959815,-0.06387374320575567,0.03911315567850515,0.07489789061279228,-3.126754745920858,0.0044853100610982004
2.4616122245788574,0.1,0.139098784,2.796884100193894,2.885150350315043,-0.22043033552394675,-0.05364259809383931,0.22686352979149582,-3.129583801320279,-0.002833258113712713
2.472546339035034,0.1,0.139734076,2.796780321517391,2.886252612873306,-0.010377867650301908,0.11022625582630674,0.11071371916096759,-3.128304960807661,0.0012608314596787482
2.481720447540283,0.1,0.140369968,2.7938071716053736,2.884933353971948,-0.2973149912017359,-0.13192589013582,0.32527011003382517,-3.125922995973009,0.0023594650993180324
2.4928152561187744,0.1,0.141006462,2.79243663059786,2.884971677337128,-0.13705410075135482,0.003832336517994861,0.13710767059486378,-3.122101152054039,0.0038216056674511153
2.5025253295898438,0.1,0.141643557,2.790443889694185,2.884766837564553,-0.199274090367485,-0.02048397725746831,0.20032412839214617,-3.1214793275954205,0.0006411343249672458
2.5118465423583984,0.1,0.142281254,2.789720658074274,2.8847756994085216,-0.07232316199110578,0.0008861843968421823,0.07232859104930037,-3.110875318801815,0.01056737985015957
2.522475242614746,0.1,0.142919553,2.787050377323058,2.8842844141739725,-0.2670280751216225,-0.04912852345491103,0.2715098611837489,-3.1120694018077235,-0.0011405242003508168
2.5317671298980713,0.1,0.143558456,2.785098629242171,2.884157756945174,-0.19517480808870502,-0.012665722879834362,0.19558534262191427,-3.110203351448194,0.0018725824579368315
2.542553663253784,0.1,0.144197961,2.782064675505174,2.88392216315843,-0.3033953736996775,-0.023559378674420373,0.30430872006219556,-3.1161401985265322,-0.005971396179976207
2.552870750427246,0.1,0.144838071,2.7802359662940974,2.8841460401727894,-0.18287092110766956,0.022387701435944152,0.1842362151216543,-3.114541023673268,0.00162316041049035
2.5626347064971924,0.1,0.145478784,2.7784392006705056,2.8843296598006645,-0.17967656235917673,0.018361962787505348,0.18061237149935455,-3.1172613202421893,-0.002697328506309844
2.5727243423461914,0.1,0.146120103,2.7757994578279788,2.883598105111675,-0.2639742842526882,-0.07315546889894442,0.27392361230193985,-3.1115615221404127,0.005684132958553554
2.5827224254608154,0.1,0.146762026,2.772590791121891,2.88255972004951,-0.32086667060875484,-0.10383850621651369,0.33725043466365484,-3.110014537568285,0.001512056575784101
2.592623233795166,0.1,0.147404555,2.770146623017559,2.882362423966443,-0.2444168104332345,-0.019729608306695567,0.24521181591899546,-3.111523011458068,-0.0014880207237752215
2.6025917530059814,0.1,0.14804769,2.7673883594028443,2.8822236048213563,-0.275826361471454,-0.013881914508662163,0.27617546819550615,-3.1079616683107387,0.00352662113973465
2.6129274368286133,0.1,0.148691431,2.7655983267592608,2.8823561125961663,-0.17900326435835723,0.013250777480999787,0.17949304096482097,-3.1052703829866575,0.0026763309113734175
2.622580051422119,0.1,0.149335779,2.76369937727526,2.8818895783753846,-0.18989494840009336,-0.046653422078168916,0.19554189632781488,-3.0977264437155685,0.0076083948450105954
2.632861375808716,0.1,0.149980735,2.7614494776770226,2.8818288068057325,-0.22498995982371817,-0.006077156965211827,0.22507201926996198,-3.094795056091229,0.00288625465887668
2.6425588130950928,0.1,0.150626298,2.7566545956746356,2.880749394172217,-0.4794882002387091,-0.10794126335156307,0.49148779283120336,-3.1031800042722826,-0.008428969625724071
2.6529223918914795,0.1,0.15127247,2.7545260626726775,2.8810396295845733,-0.21285330019580329,0.029023541235639883,0.21482293487917356,-3.1012905050528397,0.0018938681011417967
2.6626460552215576,0.1,0.15191925,2.7533038279169406,2.881148479423831,-0.12222347557369062,0.010884983925762981,0.12270721599146754,-3.0904782228266647,0.010819448015742313
2.67277193069458,0.1,0.152566639,2.749735121113047,2.8803703903453255,-0.3568706803893651,-0.07780890785054062,0.3652545806180428,-3.086854121798868,0.00366749457478674
2.682522773742676,0.1,0.153214638,2.74624952547096,2.8793164206224815,-0.3485595642087169,-0.10539697228439948,0.36414597563077516,-3.0839035852753662,0.0025698547308414103
2.6928212642669678,0.1,0.153863247,2.7438425504826984,2.879857033758283,-0.24069749882613678,0.05406131358016708,0.24669396337805122,-3.0846595945065336,-0.0007302216863513708
2.7024660110473633,0.1,0.154512466,2.739793525318155,2.8790387406611635,-0.40490251645435293,-0.08182930971196711,0.4130884696514835,-3.0861679094085988,-0.0013578729504561307
2.7125468254089355,0.1,0.155162296,2.736257188720374,2.8784629090281273,-0.35363365977807426,-0.057583163303620566,0.358291202828211,-3.083523095788529,0.0026465856680489485
2.7224361896514893,0.1,0.155812738,2.7328739443576002,2.8780146793093317,-0.33832443627739295,-0.04482297187955453,0.3412807099596036,-3.073821574517925,0.009392676259737909
2.7326388359069824,0.1,0.156463791,2.729732711818885,2.877770339923476,-0.3141232538715233,-0.02443393858557741,0.3150721123451538,-3.0734686252748995,0.0004056410362892517
2.7425830364227295,0.1,0.157115456,2.729732711818885,2.877770339923476,-0.3141232538715233,-0.02443393858557741,0.3150721123451538,-3.0734686252748995,0.0004056410362892517
2.7527716159820557,0.1,0.157767735,2.7222159287153964,2.876997285632888,-0.3780084526478156,-0.04071153121745219,0.38019444899585975,-3.0693911982992383,0.0035501820661404653
2.7626326084136963,0.1,0.158420626,2.7179886833760545,2.8764488690885592,-0.4227245339341934,-0.05484165443285782,0.4262670977812081,-3.0714824245006813,-0.0019471896790176934
2.7728185653686523,0.1,0.159074131,2.713339992118676,2.8749489927330325,-0.46486912573784345,-0.14998763555267303,0.48846657499049856,-3.064812952832651,0.006476307485277484
2.782564640045166,0.1,0.15972825,2.7095537358116686,2.874452667272985,-0.3786256307007463,-0.049632546004740874,0.38186484238071805,-3.0608679136462467,0.003918899103266765
2.7926955223083496,0.1,0.160382983,2.7048557914724913,2.8735160131135125,-0.46979443391772513,-0.09366541594726385,0.4790407292544651,-3.060573131277772,0.00032366970939338036
2.8026888370513916,0.1,0.161038332,2.701643746344269,2.873919120922299,-0.3212045128222485,0.04031078087867179,0.3237241080185816,-3.0573986372672257,0.0031821181671753238
2.8129167556762695,0.1,0.161694296,2.697199725785679,2.8731892307432556,-0.4444020558589834,-0.07298901790435686,0.45035606356119323,-3.055393648348302,0.002047142398814408
2.822491407394409,0.1,0.162350875,2.692050120547733,2.8721780963783146,-0.5149605237945831,-0.10111343649410465,0.5247935480800414,-3.054876148690763,0.0005078248458425589
2.832504987716675,0.1,0.163008071,2.688355087746482,2.8720016457866238,-0.36950328012510525,-0.017645059169080213,0.369924346503839,-3.049091407771076,0.005789771136441243
2.842428684234619,0.1,0.163665884,2.6829854788994516,2.870823429388832,-0.5369608847030527,-0.11782163977915872,0.5497353276817262,-3.047494611029978,0.0016095112894642825
2.8526227474212646,0.1,0.164324314,2.6779602275754324,2.869627044656537,-0.5025251324019209,-0.11963847322951082,0.5165702981901461,-3.039849563567512,0.007542814651189434
2.8626022338867188,0.1,0.164983362,2.67336492552606,2.8693933472624145,-0.45953020493723074,-0.02336973941226006,0.46012406367179953,-3.040916095056925,-0.0009973177976278999
2.8727822303771973,0.1,0.165643027,2.6679208262482192,2.8681803877971426,-0.5444099277840841,-0.121295946527189,0.5577587974329032,-3.0346935473329903,0.006237211514217939
2.8827977180480957,0.1,0.166303312,2.6618917455365763,2.8662181991277453,-0.6029080711642987,-0.19621886693972357,0.6340346883398131,-3.0329169724667064,0.0018201586820425584
2.8928380012512207,0.1,0.166964215,2.657720333345116,2.8665800979415947,-0.4171412191460444,0.03618988138494039,0.41870813728097556,-3.0307509380079907,0.002050863485538937
2.9025256633758545,0.1,0.167625738,2.65186314838619,2.8650311118217693,-0.5857184958925732,-0.15489861198254573,0.6058545505521746,-3.0258733644659555,0.004910556850933962
2.912783145904541,0.1,0.16828788,2.6470391052405917,2.864705186161949,-0.4824043145598367,-0.03259256598204807,0.4835040827782533,-3.0257594735585487,0.0001734900900655892
2.9228715896606445,0.1,0.168950643,2.6412642548205856,2.8635747544174786,-0.5774850420006139,-0.11304317444702505,0.5884451826835796,-3.022476419658849,0.0032910640657879226
2.9384143352508545,0.1,0.169614027,2.629667423274557,2.8611624399848568,-0.544722389883967,-0.07098457476462094,0.5493280366915698,-3.0154443833749713,0.00045314805883391176
2.9441778659820557,0.1,0.170278033,2.629667423274557,2.8611624399848568,-0.544722389883967,-0.07098457476462094,0.5493280366915698,-3.0154443833749713,0.00045314805883391176
2.951768636703491,0.1,0.17094266,2.6236768286999848,2.859797287716694,-0.5990594574572405,-0.1365152268162806,0.6144173180515535,-3.010111458329266,0.00521870112668721
2.962639093399048,0.1,0.171607909,2.6171620155337405,2.8584856724718235,-0.6514813166244249,-0.13116152448704455,0.6645534225451403,-3.012267592113972,-0.0019601139348460078
2.9726788997650146,0.1,0.17227378,2.612298036930778,2.857908522859096,-0.48639786029625043,-0.05771496127273679,0.4898100603861504,-3.0038226338704193,0.008167733700573629
2.982661247253418,0.1,0.172940275,2.6064249000225077,2.856911895091114,-0.5873136908270293,-0.0996627767982261,0.5957096948279426,-3.000865013460005,0.0029344826732565182
2.9927432537078857,0.1,0.173607394,2.5995469878514172,2.8548387678303917,-0.6877912171090461,-0.2073127260722174,0.7183559874629273,-2.99736877644854,0.0035679068039078583
3.0026590824127197,0.1,0.174275136,2.5938867585126983,2.854090493058742,-0.5660229338718903,-0.07482747716496263,0.5709475571432242,-2.9956032347655523,0.0017424391323172784
3.012860059738159,0.1,0.174943503,2.587225855737459,2.852395829714162,-0.6660902775239563,-0.16946633445802384,0.687310043813256,-2.9927152796021184,0.0029402255977418715
3.0225346088409424,0.1,0.175612495,2.5804341593471474,2.8507615802239044,-0.6791696390311408,-0.16342494902574778,0.6985550175510575,-2.9874028898015808,0.005233130014092589
3.032778024673462,0.1,0.176282113,2.573890620562893,2.8490604455040227,-0.6543538784254288,-0.17011347198816473,0.6761047193758294,-2.9830832812821937,0.004302884636175682
3.0425610542297363,0.1,0.176952356,2.5680254489598493,2.848256595898646,-0.5865171603043784,-0.08038496053766053,0.5920001023751205,-2.979909692725189,0.0031712439738637507
3.052851438522339,0.1,0.177623225,2.5611288171740925,2.846819865390006,-0.6896631785756835,-0.14367305086402382,0.7044694779958117,-2.9791081858701047,0.0008842510212409852
3.0627281665802,0.1,0.178294722,2.5535522942858417,2.8447310957687066,-0.7576522888250725,-0.20887696212992246,0.7859176649436607,-2.9747552491156135,0.004290635577210721
3.0727994441986084,0.1,0.178966845,2.546968190201094,2.8432266859706665,-0.6584104084747633,-0.15044097980401183,0.6753789709432,-2.968690880445795,0.005967480085337162
3.082655906677246,0.1,0.179639597,2.539386096016013,2.8412199076892075,-0.7582094185081267,-0.20067782814590096,0.7843169722910421,-2.966395531479656,0.0023047099389606534
3.0930793285369873,0.1,0.180312976,2.5324223636444168,2.8397164683484792,-0.6963732371596087,-0.15034393407282742,0.7124177032785242,-2.9603822153299535,0.005952141080944887
3.102513551712036,0.1,0.180986984,2.525101013092773,2.837993485515257,-0.7321350551643846,-0.1722982833222364,0.7521359168636651,-2.958327533791652,0.0022796392669419824
3.1126787662506104,0.1,0.181661621,2.5176725160667517,2.836045347956596,-0.7428497026021219,-0.19481375586609673,0.7679701036698734,-2.954305633817539,0.0040430076673587095
3.1226541996002197,0.1,0.182336888,2.509624286716865,2.833383374063259,-0.8048229349886693,-0.26619738933368886,0.8477033719243113,-2.946936899003528,0.0069629757233273986
3.132843494415283,0.1,0.183012784,2.502383528929996,2.8317348071448083,-0.7240757786869167,-0.16485669184507223,0.7426058592060568,-2.9452985686395725,0.0017984492936888668
3.142505407333374,0.1,0.183689311,2.4952664305179044,2.830050569315646,-0.7117098412091405,-0.16842378291621607,0.7313668496218219,-2.940119462526485,0.005115679540966021
3.152573347091675,0.1,0.184366469,2.487538008040547,2.82798876630676,-0.7728422477357277,-0.20618030088859207,0.7998721500088138,-2.935768355442058,0.004327724702561595
3.1625232696533203,0.1,0.185044259,2.479879724934615,2.8255804878009156,-0.7658283105932195,-0.24082785058445744,0.8028020023163834,-2.931461554199055,0.004381845302571331
3.172743082046509,0.1,0.18572268,2.4720690213328216,2.823603120890362,-0.7810703601793367,-0.1977366910553613,0.8057113047116828,-2.9271946284242514,0.004203661496317482
3.1825809478759766,0.1,0.186401734,2.4637182118468277,2.8212320990380437,-0.8350809485993871,-0.23710218523183002,0.8680884960390624,-2.92690950471823,0.00044925938810599003
3.192790985107422,0.1,0.18708142,2.4562074819044692,2.819185810818453,-0.7510729942358463,-0.20462882195908527,0.7784494829125154,-2.921665784443245,0.005246846568360311
3.202481746673584,0.1,0.187761739,2.4487404504653174,2.8172108097831283,-0.7467031439151839,-0.19750010353245528,0.7723806548769527,-2.91587854171709,0.005790314502806131
3.2142891883850098,0.1,0.188442693,2.43991597230247,2.814655080976777,-0.882447816284726,-0.2555728806351354,0.9187119492973969,-2.917286035491185,-0.0011567137674788708
3.2226054668426514,0.1,0.18912428,2.431634238242035,2.8115897780827814,-0.8281734060435308,-0.3065302893995536,0.8830809752209121,-2.907781343292715,0.009302510632950992
3.2329161167144775,0.1,0.189806502,2.4232556933916616,2.8090681644288606,-0.837854485037326,-0.25216136539207845,0.8749774238765021,-2.9041924699920885,0.003426926166706867
3.2428078651428223,0.1,0.190489359,2.415576998818577,2.80745380976764,-0.7678694573084677,-0.16143546612208404,0.7846559202537474,-2.9045551241052645,4.535925087592902e-05
3.252681016921997,0.1,0.191172852,2.415576998818577,2.80745380976764,-0.7678694573084677,-0.16143546612208404,0.7846559202537474,-2.9045551241052645,4.535925087592902e-05
3.2625226974487305,0.1,0.19185698,2.3983148551684104,2.801759889544592,-0.8166212101316628,-0.24977510432364625,0.8539659264729417,-2.890549970381472,0.006574468561559499
3.2725048065185547,0.1,0.192541746,2.3894378054050076,2.7986642471139396,-0.8877049763402756,-0.3095642430652301,0.940133046756595,-2.8876239300758524,0.0031084238809970877
3.282400608062744,0.1,0.193227148,2.38086689924755,2.7957774015146035,-0.8570906157457703,-0.2886845599336052,0.9044020669721642,-2.8839291964111746,0.0038251472780509955
3.292494058609009,0.1,0.193913187,2.38086689924755,2.7957774015146035,-0.8570906157457703,-0.2886845599336052,0.9044020669721642,-2.8839291964111746,0.0038251472780509955
3.3029422760009766,0.1,0.194599865,2.3631279285743685,2.789758073506607,-0.9280318325995296,-0.3072966076223871,0.9775859488424885,-2.8709450252762063,0.00598124911626497
3.3131871223449707,0.1,0.19528718,2.3545125804083793,2.7867311805974735,-0.861534816598919,-0.3026892909133494,0.9131610192325115,-2.8676262389487763,0.003330866959915854
3.3237714767456055,0.1,0.195975135,2.3460220837838746,2.7845515289118934,-0.849049662450474,-0.21796516855800974,0.876580939794943,-2.8658796206832786,0.0019521319108423201
3.3320765495300293,0.1,0.196663729,2.336475371051327,2.780826346295768,-0.954671273254748,-0.3725182616125533,1.02477660746754,-2.8571023749958995,0.008520815653124096
3.3424952030181885,0.1,0.197352962,2.3278760197176016,2.7780731262733123,-0.8599351333725469,-0.27532200224555936,0.9029344597084352,-2.854388707796163,0.0028169197281104254
3.352651596069336,0.1,0.198042836,2.31803802749942,2.774758354571693,-0.983799221818149,-0.33147717016190903,1.0381416200059328,-2.8508001734889974,0.0036332867307101104
3.3627028465270996,0.1,0.198733351,2.3076180506013735,2.77047811084837,-1.0419976898046635,-0.42802437233233626,1.1264830441993994,-2.8466023250507235,0.0038754062036349094
3.3727385997772217,0.1,0.199424506,2.2980607324268862,2.767241379602075,-0.9557318174487239,-0.3236731246294866,1.009052822448486,-2.847536796790155,-0.0008314479142200891
3.3825619220733643,0.1,0.200116303,2.2885995166633495,2.7637881726036824,-0.9461215763536757,-0.3453206998392577,1.0071705034299996,-2.839786536263735,0.00774619418375342
3.3928043842315674,0.1,0.200808743,2.279166513956528,2.7597565737977394,-0.9433002706821458,-0.40315988059429486,1.025842721858383,-2.8328073324646774,0.0068853867689924915
3.402632236480713,0.1,0.201501825,2.2691537973221494,2.7560827648851443,-1.0012716634378638,-0.3673808912595167,1.0665428558038648,-2.8307115941445486,0.002107812457344166
3.4127166271209717,0.1,0.20219555,2.259071021168053,2.7523518350716194,-1.0082776154096251,-0.37309298135248525,1.0750916809605615,-2.827236640284454,0.0034764932051360472
3.4226155281066895,0.1,0.202889918,2.249564929194105,2.748390616865979,-0.9506091973948028,-0.39612182056405487,1.029839959847438,-2.820424733105573,0.006826846232680884
3.432943105697632,0.1,0.20358493,2.24009204616337,2.744096978261779,-0.9472883030734902,-0.42936386041998453,1.0400521399307847,-2.8083201470921955,0.01204112004948948
3.4427456855773926,0.1,0.204280587,2.229588447026923,2.740356781762002,-1.050359913644705,-0.3740196499776971,1.114964863464832,-2.8129329485787307,-0.004552735236424647
3.452677011489868,0.1,0.204976889,2.2194623602205117,2.7359312100969624,-1.0126086806411472,-0.44255716650396515,1.1050941976744892,-2.805008072562481,0.00794028506482544
3.462543249130249,0.1,0.205673836,2.209350594674324,2.7317661409800325,-1.0111765546187534,-0.41650691169299314,1.0935977469338019,-2.79769742263582,0.00731072651399793
3.4726366996765137,0.1,0.206371429,2.19931888737311,2.72710582079921,-1.0031707301214166,-0.466032018082263,1.1061362283417728,-2.790017346624203,0.007676677022943577
3.4824442863464355,0.1,0.207069668,2.188559548049051,2.722909571842769,-1.0759339324058814,-0.41962489564406624,1.154867472893179,-2.789270559425989,0.0007315944233435399
3.492494821548462,0.1,0.207768555,2.178916078444006,2.718068874736734,-0.9643469605045141,-0.48406971060352966,1.0790220317296955,-2.776058813736008,0.013275004990889653
3.5023927688598633,0.1,0.208468088,2.1679892348633056,2.7135006040585896,-1.0926843580700396,-0.45682706781442484,1.1843352887839067,-2.778991197899416,-0.0029534744597265314
3.512671709060669,0.1,0.209168269,2.1582333292501934,2.7088610617792535,-0.9755905613112237,-0.4639542279336162,1.0802918443351437,-2.7660253903443386,0.013001210320696462
3.52239990234375,0.1,0.209869098,2.1475428680987148,2.7035742229400817,-1.0690461151478647,-0.5286838839171804,1.1926299700353402,-2.7595245564093345,0.006470096282565976
3.5327179431915283,0.1,0.210570576,2.1364473561091786,2.699098976507494,-1.1095511989536178,-0.4475246432587454,1.1964038487999267,-2.7597251124645914,-0.00013060007296074972
3.5424439907073975,0.1,0.211272703,2.126055099592617,2.6937376767547567,-1.0392256516561726,-0.536129975273747,1.1693696188319693,-2.7517047411208657,0.008006153232105994
3.5527045726776123,0.1,0.21197548,2.1149368547911074,2.6885667209153667,-1.111824480150947,-0.5170955839389979,1.226189837501574,-2.747677728621403,0.0040315280077593794
3.5624029636383057,0.1,0.212678907,2.10439343897802,2.6830929702481168,-1.0543415813087265,-0.5473750667249977,1.187962808234661,-2.7365302489914303,0.011132035021514105
3.57254695892334,0.1,0.213382985,2.0935913495806404,2.677750406255304,-1.08020893973797,-0.5342563992812632,1.205106324629827,-2.73213209154067,0.004418952649343644
3.582390069961548,0.1,0.214087713,2.0823712245038015,2.671895357250311,-1.1220125076838894,-0.585504900499334,1.2655939538050207,-2.7244272153229554,0.007674595806150283
3.592693328857422,0.1,0.214793093,2.071383493757111,2.6662690961628295,-1.098773074669035,-0.5626261087481321,1.2344433595198727,-2.7192877658645864,0.005153189057078948
3.6026968955993652,0.1,0.215499125,2.059858607920176,2.660573107013415,-1.1524885836935006,-0.5695989149414604,1.2855632459923316,-2.7154662618414473,0.003851796716842874
3.612581968307495,0.1,0.21620581,2.048623857048299,2.6545399699640506,-1.1234750871877086,-0.6033137049364257,1.2752190784706547,-2.707674800044601,0.007767255163400373
3.622544288635254,0.1,0.216913147,2.0374153235364845,2.6485967142766027,-1.1208533511814611,-0.5943255687447913,1.2686745510644293,-2.700370032991126,0.007287057156867275
3.6327297687530518,0.1,0.217621138,2.0260679486426163,2.6422066316705615,-1.1347374893868167,-0.6390082606041236,1.3022905693201512,-2.6928090941192773,0.007565777357862692
3.6426918506622314,0.1,0.218329783,2.014398675547552,2.6361515874185057,-1.166927309506427,-0.6055044252055719,1.3146691426421473,-2.68920530755924,0.003622298427433181
3.6526856422424316,0.1,0.219039083,2.002945263841625,2.6296065015279773,-1.1453411705927063,-0.654508589052849,1.319161813500763,-2.681159871467787,0.00802347220241227
3.661970853805542,0.1,0.219749037,1.9914559403644982,2.623129819138546,-1.1489323477126723,-0.6476682389431332,1.318908521223611,-2.6784160489933524,0.0027997378572471375
3.6718592643737793,0.1,0.220459646,1.9799117611692671,2.6160342827093483,-1.1544179195231097,-0.709553642919758,1.355045056482169,-2.6695416667140033,0.00886119790660605
3.682595729827881,0.1,0.221170911,1.9685173688638051,2.6091703702579014,-1.139439230546202,-0.6863912451446907,1.3302085180598566,-2.662675369599831,0.006864090882756598
3.6929805278778076,0.1,0.221882833,1.9569638427799043,2.602094354667553,-1.1553526083900811,-0.707601559034865,1.3548208796967722,-2.6557157417446424,0.006956713180758308
3.70296049118042,0.1,0.222595411,1.945171170725814,2.5950297320079168,-1.1792672054090403,-0.7064622659636033,1.3746854458324917,-2.6473807063938533,0.008315443258719107
3.712628126144409,0.1,0.223308647,1.9334577107554123,2.5876724944265743,-1.171345997040163,-0.7357237581342435,1.3832356607119367,-2.6391367672741524,0.008237134903452528
3.722501754760742,0.1,0.22402254,1.9213659309016546,2.5804433592692666,-1.2091779853757645,-0.722913515730772,1.4087992587816114,-2.634583820324629,0.004564556038374286
3.7327375411987305,0.1,0.224737092,1.9213659309016546,2.5804433592692666,-1.2091779853757645,-0.722913515730772,1.4087992587816114,-2.634583820324629,0.004564556038374286
3.7426795959472656,0.1,0.225452302,1.9096041128648373,2.5727998657128412,-1.1761818036817306,-0.7643493556425351,1.4027236266574994,-2.62694918513906,0.007620172223415204
3.7525715827941895,0.1,0.226168172,1.8976852274838347,2.5652905061977997,-1.1918885381002609,-0.7509359515041503,1.4087239227457666,-2.6202078105805877,0.006737295689018432
3.762521743774414,0.1,0.226884701,1.8736900799819556,2.549343317328241,-1.2229114934783514,-0.7928534877422067,1.45743925221823,-2.605035411540428,0.005719715670164007
3.773052930831909,0.1,0.22760189,1.8617081019708044,2.5411948470437475,-1.1981978011151195,-0.8148470284493392,1.4490181677155831,-2.598338129376688,0.006722872646439067
3.7827115058898926,0.1,0.22831974,1.8496520017900018,2.5328496561028673,-1.205610018080261,-0.8345190940880265,1.466259743051342,-2.5895719339854786,0.00875463551288429
3.7928152084350586,0.1,0.229038251,1.8375838735632664,2.524375495272726,-1.206812822673542,-0.8474160830141297,1.4746223946218544,-2.5832000234249897,0.006419273925533103
3.80290150642395,0.1,0.229757424,1.8253639717901298,2.5157299720068282,-1.2219901773136588,-0.8645523265897737,1.496900370386372,-2.5751729280589037,0.008020327557618081
3.8126001358032227,0.1,0.230477258,1.813247639392872,2.506977250019842,-1.2116332397257734,-0.8752721986986067,1.494709513391504,-2.569598091005467,0.005553419899273092
3.822641134262085,0.1,0.231197755,1.8009646749313606,2.4983349823674663,-1.2282964461511447,-0.8642267652375857,1.5018655270631098,-2.5644959497007096,0.005100580500071599
3.832846164703369,0.1,0.231918916,1.7886357404844844,2.4893571677448367,-1.2328934446876216,-0.8977814622629587,1.5251353382361599,-2.5590062371056392,0.0055076577109812565
3.8428714275360107,0.1,0.232640739,1.7763586103872446,2.4800199691341094,-1.2277130097239741,-0.9337198610727349,1.5424370370317182,-2.546378628506688,0.012628011869409473
3.8543436527252197,0.1,0.233363227,1.7640171631754573,2.4710435402181523,-1.2341447211787315,-0.8976428915957069,1.5260655142049542,-2.540714519052918,0.005684489695507095
3.862696647644043,0.1,0.234086379,1.7516295480191615,2.461504847998632,-1.2387615156295828,-0.9538692219520417,1.563456614425963,-2.533525560418572,0.007183053547436174
3.8724732398986816,0.1,0.234810196,1.7392957190988496,2.451694745964978,-1.2333828920311873,-0.9810102033653845,1.5759487229799731,-2.523640228007024,0.00988870163870662
3.882619857788086,0.1,0.235534679,1.72656212608377,2.442280893090775,-1.2733593015079592,-0.9413852874203155,1.583556178387198,-2.5224440695882513,0.0012311372552374507
3.8926310539245605,0.1,0.236259827,1.7145443785266676,2.432258562892575,-1.2017747557102387,-1.0022330198200091,1.5648429919579596,-2.510996117111615,0.011452446506862581
3.902484178543091,0.1,0.236985642,1.702215889288629,2.422368172107002,-1.2328489238038642,-0.9890390785572745,1.5805425548961878,-2.504093673163821,0.006903144280268957
3.9127132892608643,0.1,0.237712124,1.6892484850750182,2.4124177672079545,-1.2967404213610756,-0.9950404899047527,1.63451561538628,-2.5009153642092525,0.0032696840393366304
3.923043966293335,0.1,0.238439273,1.677448939664322,2.401622718514345,-1.1799545410696277,-1.0795048693609477,1.5992571656756247,-2.4862402322878645,0.01482892789309379
3.9328646659851074,0.1,0.239167091,1.6649469799678742,2.3913609790856976,-1.250195969644774,-1.0261739428647498,1.6174124160308105,-2.479666769117533,0.006564582929515322
3.94266676902771,0.1,0.239895576,1.6649469799678742,2.3913609790856976,-1.250195969644774,-1.0261739428647498,1.6174124160308105,-2.479666769117533,0.006564582929515322
3.9528019428253174,0.1,0.24062473,1.6523482378364998,2.3808022083704725,-1.2598742131374463,-1.055877071522504,1.643824632707406,-2.4764689314227293,0.0032001716241773165
3.9627292156219482,0.1,0.241354554,1.6276888593653567,2.3591186246534517,-1.2344645473007398,-1.0805635567671334,1.6405853585704275,-2.4623080854300397,0.007659675852889824
3.9725985527038574,0.1,0.242085047,1.6154688315557355,2.347558688693536,-1.222002780962117,-1.155993595991589,1.6821450563648526,-2.4502073784704743,0.012128299179712868
3.9827213287353516,0.1,0.242816211,1.6034414401972452,2.3363241361463523,-1.2027391358490291,-1.123455254718353,1.6458229364841008,-2.439257572329976,0.010978806571156526
3.9925389289855957,0.1,0.243548046,1.5913349903851377,2.3249432299241146,-1.2106449812107511,-1.1380906222237641,1.6615990897098056,-2.4327796470456793,0.006463429048873384
4.002960920333862,0.1,0.244280552,1.5789236032203375,2.3135723567426445,-1.241138716480017,-1.137087318147012,1.6832685117462478,-2.427875915986432,0.004892200599179779
4.012787342071533,0.1,0.245013729,1.566637270787501,2.3017652442361123,-1.228633243283661,-1.1807112506532214,1.7040007934038124,-2.4208786669567544,0.006994270984023727
4.022683143615723,0.1,0.245747579,1.5544031881328502,2.2896407811079715,-1.2234082654650758,-1.212446312814075,1.7224267315229147,-2.410109859481617,0.010781931132060087
4.033021688461304,0.1,0.246482102,1.542566726804685,2.2774579554603616,-1.1836461328165182,-1.2182825647609974,1.6985966488051636,-2.399858118183912,0.010244487821209637
4.04260778427124,0.1,0.247217298,1.5303970111321146,2.265416509474066,-1.2169715672570414,-1.2041445986295418,1.712011685100531,-2.3939977575303786,0.0058481949481909955
4.052668809890747,0.1,0.247953167,1.5303970111321146,2.265416509474066,-1.2169715672570414,-1.2041445986295418,1.712011685100531,-2.3939977575303786,0.0058481949481909955
4.0624635219573975,0.1,0.248689711,1.5303970111321146,2.265416509474066,-1.2169715672570414,-1.2041445986295418,1.712011685100531,-2.3939977575303786,0.0058481949481909955
4.072859287261963,0.1,0.24942693,1.5062365281653087,2.2406518710032466,-1.2079366847815187,-1.238278463155229,1.7298683726674242,-2.37742070977927,0.008027661189791629
4.082501411437988,0.1,0.250164823,1.5062365281653087,2.2406518710032466,-1.2079366847815187,-1.238278463155229,1.7298683726674242,-2.37742070977927,0.008027661189791629
4.093385219573975,0.1,0.250903393,1.4698853517609913,2.2019320597114986,-1.2345513751523596,-1.2845586731502046,1.7816307368969575,-2.3570151663760677,0.004697988350362738
4.102611780166626,0.1,0.251642638,1.4581982690207518,2.1886938355884245,-1.1687082740239552,-1.3238224123074183,1.7658949031863376,-2.346550673562101,0.010460139578077256
4.1126720905303955,0.1,0.252382561,1.4463211071244153,2.1753422915675413,-1.1877161896336474,-1.3351544020883122,1.7869826592705562,-2.3391461890494054,0.007403344672424215
4.122600078582764,0.1,0.25312316,1.4345000912740846,2.1616651529329167,-1.1821015850330685,-1.3677138634624608,1.8077625313201686,-2.3317976229603916,0.007347576280133207
4.140958070755005,0.1,0.253864437,1.411241701304367,2.133649564959829,-1.1751112040523592,-1.3866228223569976,1.8175833387690017,-2.3097165684203884,0.010258409499111429
4.14308500289917,0.1,0.254606392,1.411241701304367,2.133649564959829,-1.1751112040523592,-1.3866228223569976,1.8175833387690017,-2.3097165684203884,0.010258409499111429
4.152734041213989,0.1,0.255349026,1.3996099715550876,2.1195600920492845,-1.1631729749279396,-1.4089472910544298,1.8270478479154095,-2.3003826654570423,0.009330851394199728
4.162723064422607,0.1,0.256092339,1.3879093982722543,2.1054038242273254,-1.1700573282833249,-1.4156267821959112,1.8365819714730574,-2.290196005033288,0.010181807762228821
4.172997951507568,0.1,0.256836332,1.3764792843318103,2.0909606256764146,-1.143011394044402,-1.4443198550910807,1.8418835171437002,-2.2811941456149074,0.009004639556762402
4.182946681976318,0.1,0.257581005,1.3652053637710444,2.076162186971174,-1.1273920560765927,-1.4798438705240446,1.8603630638217348,-2.272003656246447,0.009227589361449797
4.192644119262695,0.1,0.258326358,1.3530352395804706,2.0617129432957015,-1.2170124190573839,-1.4449243675472623,1.8891600398250439,-2.27030110984157,0.0017495642695729296
4.202600002288818,0.1,0.259072393,1.3418440354968935,2.0463159326214986,-1.11912040835771,-1.539701067420296,1.9034468380855627,-2.2601723402494285,0.010133785863635822
4.212683916091919,0.1,0.259819109,1.3304884138173017,2.0308808078489586,-1.135562167959181,-1.5435124772539943,1.9162286410391942,-2.2499188202479,0.010252275053336465
4.2225518226623535,0.1,0.260566507,1.3193467210935965,2.0151907568230625,-1.1141692723705132,-1.5690051025896157,1.9243570821047973,-2.240066431103961,0.009851116372741026
4.233215570449829,0.1,0.261314588,1.308042941046637,1.999504650793565,-1.1303780046959533,-1.5686106029497493,1.933466745818707,-2.2324328821938866,0.007632602022081381
4.242749452590942,0.1,0.262063352,1.2966759348221288,1.9837683437307327,-1.1367006224508147,-1.5736307062832244,1.941237209832304,-2.225383932085374,0.007047915320649285
4.252899408340454,0.1,0.262812799,1.2966759348221288,1.9837683437307327,-1.1367006224508147,-1.5736307062832244,1.941237209832304,-2.225383932085374,0.007047915320649285
4.262630462646484,0.1,0.263562931,1.2742282843737227,1.9516831986705652,-1.1077118075070613,-1.6215922695569152,1.963819476728273,-2.2089189353810665,0.00929519254102639
4.27287220954895,0.1,0.264313747,1.2742282843737227,1.9516831986705652,-1.1077118075070613,-1.6215922695569152,1.963819476728273,-2.2089189353810665,0.00929519254102639
4.282578229904175,0.1,0.265065248,1.2527920271527535,1.9181869749279752,-1.082283632466341,-1.667749867941981,1.9881467458729079,-2.186234201120694,0.008444996210249632
4.292582750320435,0.1,0.265817435,1.2417455433786515,1.9015304887758413,-1.1046483774102,-1.6656486152133887,1.998657886452123,-2.178469438148877,0.007764710691270341
4.3024444580078125,0.1,0.266570308,1.23105603850512,1.8844036171807925,-1.0689504873531597,-1.7126871595048776,2.018898821324497,-2.169390879476266,0.009074375018685384
4.312674522399902,0.1,0.267323867,1.2201551781716795,1.8672822067000918,-1.0900860333440399,-1.7121410480700705,2.029707990962794,-2.161328415564144,0.008062230990060874
4.322343826293945,0.1,0.268078114,1.2201551781716795,1.8672822067000918,-1.0900860333440399,-1.7121410480700705,2.029707990962794,-2.161328415564144,0.008062230990060874
4.3325934410095215,0.1,0.268833048,1.1992580239931316,1.8318666209980163,-1.0400677105210976,-1.7780145300302364,2.059872935757747,-2.1410932709625103,0.009040690876435909
4.342696189880371,0.1,0.26958867,1.1992580239931316,1.8318666209980163,-1.0400677105210976,-1.7780145300302364,2.059872935757747,-2.1410932709625103,0.009040690876435909
4.352689027786255,0.1,0.270344981,1.1786659461388003,1.7959738845082902,-1.005865527209604,-1.81124131903998,2.0718012874371765,-2.1240712420364947,0.010486146168926243
4.362578630447388,0.1,0.271101981,1.168422257125597,1.7776447750208806,-1.024368901320316,-1.8329109487409623,2.0997366958756247,-2.113883056973622,0.010191335970133525
4.3725831508636475,0.1,0.27185967,1.1582358450052352,1.7591695809207633,-1.0186412120361865,-1.8475194100117331,2.1097293402777177,-2.103358490324727,0.010527749813119727
4.382743835449219,0.1,0.27261805,1.1486240057219386,1.7402731845871913,-0.9611839283296675,-1.8896396333571985,2.1200501145099326,-2.090258849422129,0.013102490924793002
4.392857074737549,0.1,0.27337712,1.1386069408997455,1.7213554649214864,-1.0017064822193111,-1.891771966570488,2.140611372954502,-2.0831467211612797,0.007111641117349799
4.40316367149353,0.1,0.274136881,1.1386069408997455,1.7213554649214864,-1.0017064822193111,-1.891771966570488,2.140611372954502,-2.0831467211612797,0.007111641117349799
4.413644790649414,0.1,0.274897333,1.1290269088929394,1.70227318190346,-0.9580032006806016,-1.9082283018026391,2.135206169041964,-2.07528315105608,0.007872060288785648
4.4225921630859375,0.1,0.275658478,1.1101156252984876,1.6634840085330083,-0.9286858016748223,-1.9503924718376142,2.160205571799417,-2.0546987014052465,0.01110350463456021
4.432699680328369,0.1,0.276420315,1.1011044926825038,1.6436777635412811,-0.9011132615983852,-1.9806244991727118,2.1759776002871987,-2.0432473780663822,0.011452691717187975
4.442563056945801,0.1,0.277182846,1.091995688702363,1.6237009971099934,-0.91088039801408,-1.9976766431287762,2.1955443675745987,-2.0342995776133828,0.00894347574873378
4.452639579772949,0.1,0.27794607,1.0827591043929943,1.6037581493107096,-0.923658430936869,-1.9942847799283792,2.1977981437099134,-2.0259687830366397,0.0083480050063318
4.4624717235565186,0.1,0.278709988,1.0740277407133139,1.5832721521733362,-0.8731363679680415,-2.0485997137373424,2.2269099452364802,-2.0136953066366337,0.012270099487911284
4.472853183746338,0.1,0.279474601,1.0650829347041928,1.5629798359334748,-0.8944806009121065,-2.0292316239861385,2.217628582335984,-2.0054690177249017,0.008210181754203204
4.482705116271973,0.1,0.280239908,1.056754243247321,1.542214123474165,-0.8328691456871873,-2.0765712459309693,2.237368801352384,-1.9942303458743562,0.011253930631875306
4.492492437362671,0.1,0.281005912,1.0484768492743433,1.521249273185239,-0.8277393972977665,-2.096485028892614,2.2539747084228194,-1.9831430874745046,0.011111908882227852
4.502473592758179,0.1,0.281772611,1.0403580950316804,1.5003093552090963,-0.811875424266284,-2.0939917976142697,2.2458725148599594,-1.9740857920296426,0.00905784020347357
4.512753009796143,0.1,0.282540007,1.0323828390989311,1.4791925815366422,-0.7975255932749281,-2.1116773672454014,2.2572612554299063,-1.963582969224673,0.010503632882052418
4.5223565101623535,0.1,0.2833081,1.024522797788874,1.4577110415482166,-0.7860041310057131,-2.1481539988425613,2.287437014805289,-1.9537611198297682,0.009820545569767242
4.533638000488281,0.1,0.284076891,1.0171219751509193,1.4361734246974576,-0.7400822637954718,-2.1537616850759056,2.2773693493339273,-1.944887053969559,0.008877253234665768
4.542535066604614,0.1,0.28484638,1.0095549090524796,1.414402171989344,-0.7567066098439712,-2.177125270811353,2.3048816321423025,-1.9339895299954524,0.010895330607724572
4.5530736446380615,0.1,0.285616568,1.0023738922783216,1.3926357565616636,-0.7181016774157944,-2.176641542768043,2.292038050471899,-1.9239458180438702,0.010044557326096527
4.5625927448272705,0.1,0.286387454,0.9950740601491567,1.3706191428517132,-0.7299832129164963,-2.201661370995045,2.319523288020983,-1.9150479314652056,0.008894303556065807
4.572794675827026,0.1,0.28715904,0.9950740601491567,1.3706191428517132,-0.7299832129164963,-2.201661370995045,2.319523288020983,-1.9150479314652056,0.008894303556065807
4.582488298416138,0.1,0.287931327,0.9950740601491567,1.3706191428517132,-0.7299832129164963,-2.201661370995045,2.319523288020983,-1.9150479314652056,0.008894303556065807
4.59266209602356,0.1,0.288704314,0.9950740601491567,1.3706191428517132,-0.7299832129164963,-2.201661370995045,2.319523288020983,-1.9150479314652056,0.008894303556065807
4.602484464645386,0.1,0.289478002,0.98170625401024,1.3258749704080701,-0.660430118536981,-2.2492061120280793,2.344162126614804,-1.8923343859241428,0.011284977949819315
4.612534284591675,0.1,0.290252392,0.98170625401024,1.3258749704080701,-0.660430118536981,-2.2492061120280793,2.344162126614804,-1.8923343859241428,0.011284977949819315
4.622463941574097,0.1,0.291027484,0.9571075172913845,1.234395929380381,-0.5904304749470235,-2.3044649298119557,2.378900325461197,-1.850067748757439,0.01049104912261409
4.63268518447876,0.1,0.291803279,0.9514658098776281,1.2108772548253623,-0.5641707413756469,-2.351867455501866,2.418588256333262,-1.8400262251980741,0.01005008485762532
4.642452955245972,0.1,0.292579777,0.9458711023412396,1.1875236601901795,-0.5594707536388466,-2.335359463518283,2.401439432511597,-1.8280640371819283,0.011970156075889377
4.652822017669678,0.1,0.293356979,0.9407137432413617,1.1637428380110388,-0.5157359099877912,-2.378082217914068,2.433363631685579,-1.817655955168642,0.01040740182780512
4.662500858306885,0.1,0.294134885,0.9356227084520569,1.1397784182057884,-0.5091034789304838,-2.3964419805250436,2.4499225535273386,-1.8069901974272982,0.01066488269947035
4.6727540493011475,0.1,0.294913495,0.9307212346197535,1.1157148685626583,-0.4901473832303327,-2.4063549643130067,2.4557664122553255,-1.796786832830551,0.010202967388649101
4.682393312454224,0.1,0.295692811,0.9262775436065815,1.0916388648058604,-0.4443691013171991,-2.407600375679797,2.4482653996613513,-1.7857480979404992,0.011041713240432004
4.692413091659546,0.1,0.296472833,0.92214577647658,1.0672608194257507,-0.4131767130001518,-2.437804538010968,2.4725707192540476,-1.7756040413262963,0.01014413197019941
4.702486038208008,0.1,0.297253561,0.9174965556753708,1.0426075314112395,-0.46492208012092195,-2.4653288014511165,2.5087842952012362,-1.767588212694375,0.008034551410787788
4.712888479232788,0.1,0.298034995,0.9138792851168344,1.0180290426053276,-0.3617270558536445,-2.4578488805911958,2.4843243714861267,-1.753883685540519,0.01369784010759932
4.722456455230713,0.1,0.298817137,0.9100008086324137,0.9930157917439099,-0.38784764844206343,-2.50132508614177,2.5312157128471235,-1.7423254110085675,0.01155675305119714
4.732635736465454,0.1,0.299599987,0.906568903192783,0.9681016986158432,-0.3431905439630678,-2.4914093128066694,2.514935409390362,-1.7314806826311573,0.010845239359044962
4.742474555969238,0.1,0.300383545,0.906568903192783,0.9681016986158432,-0.3431905439630678,-2.4914093128066694,2.514935409390362,-1.7314806826311573,0.010845239359044962
4.752605199813843,0.1,0.301167812,0.906568903192783,0.9681016986158432,-0.3431905439630678,-2.4914093128066694,2.514935409390362,-1.7314806826311573,0.010845239359044962
4.762486219406128,0.1,0.301952788,0.9005110647915007,0.9177616518175735,-0.29386267278334044,-2.5171605311389844,2.534255790163902,-1.7117058512837147,0.010728047075140091
4.772874116897583,0.1,0.302738474,0.8954787862256958,0.866675774253138,-0.23045140437751854,-2.552131561106763,2.5625150448293597,-1.688678849525421,0.011465446994738017
4.7825212478637695,0.1,0.30352487,0.8935074944252938,0.8409240616490875,-0.19712918004020086,-2.5751712604050514,2.582705351765753,-1.6782386499798438,0.010441652271537908
4.792438507080078,0.1,0.304311977,0.891512109540692,0.8150386346949724,-0.19953848846017141,-2.588542695411511,2.5962220425736433,-1.6637536085310225,0.0144858449407712
4.8023881912231445,0.1,0.305099796,0.8899124634502676,0.7891746993630324,-0.15996460904244003,-2.586393533193998,2.5913355986235813,-1.651835320520181,0.011928137398773317
4.812508583068848,0.1,0.305888327,0.8888875309858193,0.7631237035875794,-0.1024932464448347,-2.6050995775453,2.6071150098324205,-1.6410560440201207,0.01078455919888115
4.822404861450195,0.1,0.30667757,0.8878164184534808,0.7369019110951656,-0.10711125323384918,-2.6221792492413853,2.6243659873808456,-1.6324292737468018,0.008628223294609631
4.832696437835693,0.1,0.307467525,0.8872360036614062,0.7106993837087616,-0.05804147920746017,-2.620252738640394,2.620895501095203,-1.6213161803116707,0.011109669008906862
4.842596054077148,0.1,0.308258195,0.8869747326630917,0.6843703473242634,-0.026127099831452227,-2.632903638449824,2.6330332688190485,-1.607858186951811,0.013463972796098239
4.85304069519043,0.1,0.309049578,0.8870416124897416,0.6580763737525867,0.006687982664987935,-2.629397357167673,2.6294058627363848,-1.5981097900065069,0.009749024078395981
4.862576246261597,0.1,0.309841676,0.8873634156895377,0.6317693942471505,0.03218031997961335,-2.6306979505436145,2.630894767942717,-1.58662308449889,0.011495875488311104
4.872647047042847,0.1,0.310634488,0.8880715956021018,0.6052082524961186,0.07081799125641108,-2.656114175103186,2.6570580910227894,-1.5749359805440768,0.011685554163172239
4.88247275352478,0.1,0.311428017,0.8891837825976697,0.5784009782933094,0.11121869955679209,-2.680727420280926,2.683033563147717,-1.5611137052859057,0.013827031908452567
4.892659425735474,0.1,0.312222261,0.8909216380586958,0.5515585832880496,0.17378554610261165,-2.6842395005259756,2.6898593108596076,-1.5469739138826086,0.014160239591455752
4.902620315551758,0.1,0.313017222,0.8923030603084537,0.5245957154624432,0.1381422249757902,-2.696286782560642,2.699823269796095,-1.5359638448646562,0.011022818913995643
4.912540674209595,0.1,0.3138129,0.8940831509819971,0.4976534358448803,0.17800906735433442,-2.6942279617562903,2.700102134729317,-1.5234554774531506,0.012507937624653931
4.922553062438965,0.1,0.314609295,0.8964373604398097,0.47074819311112137,0.23542094578126171,-2.690524273375894,2.700804303783861,-1.5121525202076411,0.011302890599220463
4.932482719421387,0.1,0.315406409,0.8986022250639383,0.4435623672968494,0.21648646241285707,-2.718582581427198,2.7271885964207536,-1.50402190095515,0.00813094134578758
4.942425966262817,0.1,0.316204241,0.9012004283508234,0.41639629105094417,0.25982032868850924,-2.716607624590522,2.729004138725913,-1.4932619699445213,0.010757267059551361
4.952564239501953,0.1,0.317002792,0.9012004283508234,0.41639629105094417,0.25982032868850924,-2.716607624590522,2.729004138725913,-1.4932619699445213,0.010757267059551361
4.9624340534210205,0.1,0.317802063,0.9078551531777593,0.3615929980633037,0.33378891059505644,-2.7482840056647193,2.7684797294957297,-1.4655570494950299,0.011950763000968107
4.972715139389038,0.1,0.318602054,0.9114474117210861,0.3341765007587016,0.35922585433267873,-2.7416497304602103,2.765083445206236,-1.4579564583864986,0.007583757795338013
4.982425928115845,0.1,0.319402766,0.9155339168029372,0.3065830186740087,0.4086505081851044,-2.7593482084692864,2.78944399001353,-1.444362854266897,0.013599026617760353
4.992511510848999,0.1,0.320204199,0.9199316413557924,0.27911908616750203,0.43977245528552533,-2.7463932506506694,2.781380178912514,-1.4326553598218763,0.011703046969495486
5.002527236938477,0.1,0.321006354,0.9247475813320916,0.2514551785565365,0.4815939976299144,-2.766390761096554,2.8079976178112287,-1.422397848630306,0.010257675062781612
